{
  "common" : {
    "cancel" : "Отменить",
    "close" : "Закрыть",
    "delete" : "Удалить",
    "disable" : "Отключнить",
    "emptyList" : "Тут ничего нет!",
    "NA" : "N/A",
    "no" : "Нет",
    "none" : "Отсутствует",
    "ok" : "OK",
    "save" : "Сохранить",
    "selectAll" : "Выделить все",
    "selectNone" : "Снять выбор",
    "useGlobalSettings" : "Использовать глобальные настройки",
    "yes" : "Да"
  },
  "constants" : {
    "addPaused" : {
      "always" : "Всегда",
      "never" : "Никогда",
      "title" : "Приостанавливать"
    },
    "bittorrentProtocols" : {
      "tcp" : "TCP",
      "tcp_utp" : "TCP и μTP",
      "utp" : "μTP"
    },
    "connectionStatus" : {
      "connected" : "Подключено",
      "disconnected" : "Оключено",
      "firewalled" : "За файерволом",
      "unknown" : "Неизвестно"
    },
    "contentLayout" : {
      "nosubfolder" : "Удалить подпапку",
      "original" : "Стандартный",
      "subfolder" : "Создать подпапку",
      "title" : "Шаблон содержимого торрента"
    },
    "diskIoMode" : {
      "disableOsCache" : "Отключить кэш ОС",
      "enableOsCache" : "Включить кэш ОС",
      "writeThrough" : "Сквозная запись (libtorrent >= 2.0.6)"
    },
    "diskIoType" : {
      "default" : "Default",
      "memoryMappedFiles" : "Файлы, распределённые в памяти",
      "posixCompliant" : "Совместимый с POSIX"
    },
    "encryption" : {
      "forceOff" : "Отключить шифрование",
      "forceOn" : "Требовать шифрование",
      "preferEncryption" : "Разрешить шифрование"
    },
    "file_priority" : {
      "high" : "Высокий",
      "max" : "Максимальный",
      "normal" : "Нормальный",
      "unwanted" : "Нежелаемый"
    },
    "maxRatioAction" : {
      "pauseTorrent" : "Остановить торрент",
      "removeTorrent" : "Удалить торрент",
      "removeTorrentAndFiles" : "Удалить торрент и его файлы",
      "torrentSuperseeding" : "Включить режим Супер Сида для торрента"
    },
    "monitoredFolderSaveLocation" : {
      "defaultSavePath" : "Путь сохранения по умолчанию",
      "monitoredFolder" : "Просматривое расположение папки",
      "other" : "Другое"
    },
    "scheduler" : {
      "everyDay" : "Каждый день",
      "everyFriday" : "Пятница",
      "everyMonday" : "Понедельник",
      "everySaturday" : "Суббота",
      "everySunday" : "Воскресенье",
      "everyThursday" : "Четверг",
      "everyTuesday" : "Вторник",
      "everyWednesday" : "Среда",
      "everyWeekday" : "Будни",
      "everyWeekend" : "Выходные"
    },
    "stopCondition" : {
      "filesChecked" : "Файлы проверены",
      "metadataReceived" : "Метадата получена",
      "none" : "Отсутствует",
      "title" : "Состояние остановки торрента"
    },
    "theme" : {
      "auto" : "Следовать системе",
      "dark" : "Тёмная тема",
      "light" : "Светлая тема"
    },
    "trackerStatus" : {
      "disabled" : "Отключен",
      "not_working" : "Не работает",
      "not_yet_contacted" : "Пока не подключен",
      "updating" : "Обновляется",
      "working" : "Работает"
    },
    "uploadChokingAlgorithm" : {
      "antiLeech" : "Anti-leech",
      "fastestUpload" : "Быстрейшая загрузка",
      "roundRobin" : "Поровну"
    },
    "uploadSlotsBehavior" : {
      "fixedSlots" : "Закреплёные слоты",
      "uploadRateBased" : "На базе уровня раздачи"
    },
    "utpTcpMixedMode" : {
      "peerProportional" : "Соразмерно пирам (регулирует TCP)",
      "preferTcp" : "Предпочитать TCP"
    }
  },
  "dashboard" : {
    "not_complete" : "Ещё не завершено",
    "right_click" : {
      "advanced" : {
        "auto_tmm" : "Автоматическое управление торрентами",
        "f_l_prio" : "Начальный / конечный приоритет",
        "reannounce" : "Принудительно анонсировать",
        "recheck" : "Принудительная проверка",
        "rename" : "Переименовать",
        "seq_dl" : "Последовательная загрузка",
        "title" : "Дополнительно"
      },
      "category" : {
        "clear" : "(Очистить категории)",
        "disabled_title" : "Категории отсутствуют",
        "title" : "Задать категории"
      },
      "copy" : {
        "hash" : "Хэш",
        "magnet" : "Ссылка-магнит",
        "name" : "Имя",
        "title" : "Копировать"
      },
      "export" : "Экспортировать торрент | Экспортировать торренты",
      "info" : "Детали",
      "priority" : {
        "bottom" : "Минимальный",
        "decrease" : "Понизить",
        "increase" : "Повысить",
        "title" : "Установить приоритет",
        "top" : "Максимальный"
      },
      "speed_limit" : {
        "download" : "Ограничение скорости загрузки",
        "share" : "Ограничение скорости раздачи",
        "title" : "Ограничение скорости",
        "upload" : "Ограничение скорости выгрузки"
      },
      "tags" : {
        "disabled_title" : "Теги отсутствуют",
        "title" : "Задать теги"
      }
    },
    "searchInputLabel" : "Поиск",
    "selectAll" : "Выбрать все (Ctrl + A)",
    "selectedTorrentsCount" : "Нет торренто | {count} из {total} торрента ({size}) | {count} из {total} торрентов ({size})",
    "sortBy" : {
      "added_on" : "Добавлено",
      "amount_left" : "Осталось",
      "auto_tmm" : "Автоматическое упр. тор-ом",
      "availability" : "Доступность",
      "avg_download_speed" : "Средняя скорость загруки",
      "avg_upload_speed" : "Средняя скорость раздачи",
      "category" : "Категория",
      "completed" : "Завершено",
      "completion_on" : "Завершено на",
      "content_path" : "Путь содержимого",
      "default" : "По умолчанию",
      "dl_limit" : "Лимит загрузки",
      "dlspeed" : "Скорость загрузки",
      "downloaded" : "Скачано (всего)",
      "downloaded_session" : "Скачано (за сессию)",
      "download_path" : "Путь загрузки",
      "eta" : "Расчётное время",
      "f_l_piece_prio" : "Приоритет первой / последней части",
      "force_start" : "Начать принудительно",
      "globalSpeed" : "Общая скорость",
      "globalVolume" : "Роздано/загружено всего",
      "hash" : "Хэш",
      "infohash_v1" : "Infohash v1",
      "infohash_v2" : "Infohash v2",
      "last_activity" : "Последняя активность",
      "magnet_uri" : "Магнитный URI",
      "max_ratio" : "Максимальный рейтинг",
      "max_seeding_time" : "Максимальное время раздачи",
      "name" : "Имя",
      "num_complete" : "Сиды (рой)",
      "num_incomplete" : "Пиры (рой)",
      "num_leechs" : "Пиры (подключено)",
      "num_seeds" : "Сиды (подключено)",
      "priority" : "Приоритет",
      "progress" : "Прогресс",
      "ratio" : "Рейтинг",
      "ratio_limit" : "Лимит рейтинга",
      "save_path" : "Путь сохранения",
      "seeding_time" : "Время раздачи",
      "seeding_time_limit" : "Ограничения времени раздачи",
      "seen_complete" : "Проверка окончена",
      "seq_dl" : "Последовательная загрузка",
      "size" : "Размер",
      "state" : "Состояние",
      "super_seeding" : "Супер раздача",
      "tags" : "Теги",
      "time_active" : "Время активности",
      "total_size" : "Общий размер",
      "tracker" : "Трекер",
      "trackers_count" : "Количество трекеров",
      "up_limit" : "Лимит раздачи",
      "uploaded" : "Роздано (всего)",
      "uploaded_session" : "UРоздано (за сессию)",
      "upspeed" : "Скорость выгрузки"
    },
    "sortLabel" : "Сортировать по",
    "toggleSearchFilter" : "Переключить режим поискаr",
    "toggleSelectMode" : "Переключить режим выбора",
    "toggleSortOrder" : "Обратный порядок сортировки",
    "torrentsCount" : "Нет торрентов | {n} торрент | {n} торрентов"
  },
  "dialogs" : {
    "add" : {
      "autoTMM" : "Автоматическое управление торрентом",
      "dropLabel" : "Переместите торрент-файлы и ссылки сюда",
      "fileOverflow" : "на +{n} больше",
      "files" : "Выберите файлы",
      "firstLastPiecePrio" : "Расставьте приоритеты в первой и последней частях",
      "links" : "Ссылки (magnet, http, file, ...)",
      "noCategories" : "Категорий пока нет. Введите название, чтобы создать одну.",
      "noCategoryMatch" : "Нет категорий, соответствующих \"{query}\". Он будет создан автоматически.",
      "noTagMatch" : "Нет тегов, соответствующих \"{query}\". Нажмите Enter, чтобы создать его.",
      "noTags" : "Тегов пока нет. Введите имя, чтобы создать его.",
      "savePath" : "Путь сохранения",
      "sequentialDownload" : "Последовательная загрузка",
      "skipChecking" : "Пропустить проверку хэша",
      "startNow" : "Запустить торрент сразу",
      "submit" : "Добавить торренты",
      "tags" : "Теги",
      "title" : "Добавить торренты"
    },
    "category" : {
      "name" : "Название категории",
      "nameRequired" : "Необходимо название категории",
      "oldName" : "Старое название категории",
      "savePath" : "Путь сохранения",
      "title" : {
        "create" : "Создать категорию",
        "edit" : "Редактировать категорию"
      },
      "warnEdit" : "Редактирование названия категории приведет к переносу торрентов в новую категорию.\nВозможны ошибки, используйте с осторожностью."
    },
    "connectionStatus" : {
      "externalIp" : "Внешний IP-адрес",
      "status" : "Состояние подключения"
    },
    "delete" : {
      "deleteWithFiles" : "Удаление файлов вместе с торрентом",
      "title" : "Удалит {n} торрент(а) | Удалить {n} торрентов",
      "warnDelete" : "Установка этого флажка приведет к удалению всего, что содержится в этих торрентах"
    },
    "moveTorrentFile" : {
      "oldName" : "Старое наименование",
      "title" : "Переместить торрент-файл | Переместить папку торрента"
    },
    "moveTorrent" : {
      "newPath" : "Новый путь",
      "oldPath" : "Старый путь",
      "required" : "Требуется новый путь",
      "samePath" : "Новый путь должен отличаться от старого"
    },
    "pluginManager" : {
      "headers" : {
        "actions" : "Действия",
        "enabled" : "Включен",
        "name" : "Название",
        "url" : "Ссылка",
        "version" : "Версия"
      },
      "install" : {
        "activator" : "Установить новый плагин",
        "label" : "Ссылка на плагин",
        "title" : "Установить плагин"
      },
      "title" : "Менеджер плагинов",
      "update" : "Обновить плагины"
    },
    "renameTorrent" : {
      "newName" : "Новое название",
      "oldName" : "Старое название",
      "required" : "Требуется новое имя",
      "sameName" : "Новое имя должно отличаться от старого",
      "title" : "Переименовать торрент"
    },
    "rss" : {
      "feed" : {
        "name" : "Имя",
        "title" : {
          "create" : "Создать RSS ленту",
          "edit" : "Редактировать RSS ленту"
        },
        "url" : "URL"
      },
      "rule" : {
        "addPaused" : "Добавить приостановленным",
        "affectedFeedsSubheader" : "Затронутые ленты",
        "assignedCategory" : "Assigned Category",
        "episodeFilter" : "Фильтр эпизодов",
        "episodeFilterPlaceholder" : "прим. S01E02-S01E05",
        "ignoreDays" : "Игнорировать элементы, опубликованные за последние {days} дней",
        "ignoreDaysHint" : "0 чтобы отключить",
        "lastMatch" : {
          "knownValue" : "Сегодня | {n} день/дня назад | {n} дней назад",
          "label" : "Последнее совпадение",
          "unknownValue" : "Неизвестно"
        },
        "matchingArticles" : {
          "noMatch" : "Нет подходящих статей",
          "title" : "Соответствующие статьи"
        },
        "mustContain" : "Должен содержать",
        "mustNotContain" : "Не должен содержать",
        "name" : "Имя",
        "savePath" : "Сохранить в",
        "savePathPlaceholder" : "Оставьте поле пустым, чтобы использовать путь сохранения по умолчанию",
        "smartFilter" : "Использовать умный фильтр эпизодов",
        "title" : {
          "create" : "Создать новое правило",
          "edit" : "Редактировать правило"
        },
        "useRegex" : "Использовать регулярное выражение"
      }
    },
    "shutdown" : {
      "content" : "Вы точно хотите выключить qBittorrent?",
      "error" : "Не удается завершить работу. Убедитесь, что qBittorrent запущен!",
      "success" : "qBittorrent был успешно выключен!",
      "title" : "Выключить qBittorrent"
    },
    "speed_limit" : {
      "download" : "Установить ограничение скорости загрузки",
      "label" : "Лимит скорости",
      "upload" : "Установить ограничение скорости раздачи"
    },
    "tag" : {
      "comma" : "Имя не может содержать запятую при переименовании тега",
      "hint" : "Совет: можно создать несколько тегов, разделив их запятой",
      "name" : "Название тега",
      "oldName" : "Старое название тега",
      "required" : "Требуется название тега",
      "title" : {
        "create" : "Создать тег",
        "rename" : "Переименовать тег"
      },
      "warnEdit" : "Редактирование имени тега приведет к переносу торрентов в новый тег.\nВозможны ошибки, используйте с осторожностью."
    }
  },
  "login" : {
    "error" : "Ошибка входа!",
    "password" : "Пароль",
    "rules" : {
      "password_required" : "Необходин пароль",
      "username_required" : "Необходин логин"
    },
    "submit" : "Вход",
    "subtitle" : "Введите свои учетные данные",
    "success" : "Успешный вход в систему!",
    "title" : "Войти",
    "username" : "Логин"
  },
  "logs" : {
    "filters" : {
      "sortBy" : {
        "id" : "ID лога",
        "label" : "Сортировать по",
        "message" : "Сообщение",
        "timestamp" : "Дата лога",
        "type" : "Уровень логирования"
      },
      "type" : "Уровень логирования"
    },
    "title" : "Логи qBittorrent"
  },
  "navbar" : {
    "addPanel" : {
      "torrentsPendingCount" : "{n} торрент(а) ожидает раздачи | {n} торрентов ожидает раздачи"
    },
    "side" : {
      "bottom_actions" : {
        "alt_speed" : "Исп. альтернативную скорость",
        "conn_status" : "Состояние подключения: {status}",
        "dark_mode" : "Переключить на светлую тему | Переключить на тёмную тему",
        "logout" : "Выйти",
        "shutdown" : "Выключить qBittorrent"
      },
      "current_speed" : {
        "title" : "Текущая скорость"
      },
      "filters" : {
        "activeFilter" : "{n} фильтров активны",
        "category" : "Фильтр категорий",
        "disabled" : "(Отключенные)",
        "state" : "Фильтр состояния торрента",
        "tag" : "Фильтр тегов",
        "tracker" : "Фильтр трекера",
        "uncategorized" : "(Без категории)",
        "untagged" : "(Без тегов)",
        "untracked" : "(Неотслеживаемые)"
      },
      "speed_graph" : {
        "relative_time" : "Сейчас | {n} секунд(у/ы) назад | {n} секунд назад"
      }
    },
    "top" : {
      "active_filters" : {
        "category" : "Фильтр категорий: {value}",
        "menu_label" : "Активный фильтр: {n} | Активный фильтры: {n}",
        "multiple_category" : "Фильтр категорий: {n} категорий",
        "multiple_state" : "Фильтр состояния: {n} состояний",
        "multiple_tag" : "Фильтр тегов: {n} тегов",
        "multiple_tracker" : "Фильтр трекра: {n} трекеров",
        "state" : "Фильтр состояния: {value}",
        "tag" : "Фильтр тегов: {value}",
        "text" : "Текстовый фильтр: {value}",
        "tracker" : "Фильтр трекра: {value}"
      }
    }
  },
  "rssArticles" : {
    "filters" : {
      "title" : "Фильтр по заголовку",
      "unread" : "Только непрочитанные записи"
    },
    "item" : {
      "author" : "Автор: {author}",
      "category" : "Категория: {category}",
      "feedName" : "Имя ленты: {name}"
    },
    "markAllAsRead" : "Отметить всё как прочитанное",
    "title" : "Менеджер RSS"
  },
  "searchEngine" : {
    "filters" : {
      "category" : {
        "all" : "Все",
        "anime" : "Агтме",
        "books" : "Книги",
        "games" : "Игры",
        "label" : "Категория поиска",
        "movies" : "Фильмы",
        "music" : "Музыка",
        "pictures" : "Картинки",
        "software" : "Приложения",
        "tv" : "TV"
      },
      "plugins" : {
        "all" : "Все",
        "enabled" : "Включен",
        "label" : "Плагин поиска"
      },
      "title" : {
        "label" : "Поиск по заголовку"
      }
    },
    "headers" : {
      "fileName" : "Имя файла",
      "fileSize" : "Размер файла",
      "nbLeechers" : "Личеры",
      "nbSeeders" : "Сидеры",
      "siteUrl" : "URL сайта"
    },
    "query" : "Очередь поиска",
    "runSearch" : "Поиск",
    "stopSearch" : "Остановить",
    "tabHeaderEmpty" : "(Пустая очередь)",
    "title" : "Поиск торрентов"
  },
  "settings" : {
    "advanced" : {
      "libtorrent" : {
        "announceAllTiers" : "Всегда объявляйте всем рангам",
        "announceAllTrackers" : "Всегда объявляйте всем трекерам на уровне",
        "announceIP" : "IP-адрес, сообщенный трекерам (требуется перезагрузка)",
        "coalesceReadsWrites" : "Объединение операций чтения и записи (libtorrent < 2.0)",
        "disk" : {
          "diskCache" : "Кэш диска (libtorrent < 2.0)",
          "diskCacheExpiry" : "Интервал очистки кэша диска (libtorrent < 2.0)",
          "diskIoReadMode" : "Режим чтения ввода-вывода с диска",
          "diskIoType" : "Тип ввода-вывода диска (libtorrent >= 2.0; требует перезапуск)",
          "diskIoWriteMode" : "Режим записи ввода-вывода с диска",
          "diskQueueSize" : "Размер очереди диска",
          "subheader" : "Диск"
        },
        "maxConcurrentHTTPAnnounces" : "Максимальное количество одновременных анонсов HTTP",
        "networking" : {
          "outgoingPortsMax" : "Максимум исходящих портов [0: отключено]",
          "outgoingPortsMin" : "Минимум исходящих портов [0: отключено]",
          "peerTos" : "Значение DSCP для подключений к пирам",
          "subheader" : "Networking",
          "upnpLeaseDuration" : "Срок аренды UPnP [0: постоянный]",
          "utpTcpMixedModeAlgorithm" : "Алгоритм смешанного режима µTP-TCP"
        },
        "outgoingConnectionsPerSecond" : "Фактор отметки буфера отправки",
        "peerTurnover" : "Процент отключения от пира",
        "peerTurnoverCutoff" : "Пороговый процент текучести пира",
        "peerTurnoverInterval" : "Интервал отключения при смене пира",
        "pieceExtentAffinity" : "Группировать смежные части",
        "requestQueueSize" : "Максимальное количество невыполненных запросов к одному пиру",
        "security" : {
          "allowMultipleConnectionsFromTheSameIPAddress" : "Разрешить несколько подключений с одного и того же IP",
          "blockPeersOnPrivilegedPorts" : "Запретить подключение к пирам на привилегированных портах",
          "idnSupport" : "Включить поддержку интернационализированных доменных имен (IDN)",
          "mitigateSSRF" : "Предотвращение подделки запросов на стороне сервера (SSRF)",
          "subheader" : "Безопасность",
          "validateHTTPSTrackerCertificate" : "Проверка сертификата трекера HTTPS"
        },
        "sendBufferLowWatermark" : "Нижняя отметка буфера отправки",
        "sendBufferWatermark" : "Отметка буфера отправки",
        "sendBufferWatermarkFactor" : "Send buffer watermark factor",
        "sendUploadPieceSuggestions" : "Отправлять предложения частей отдачи",
        "socketBacklogSize" : "Размер очереди сокета",
        "stopTrackerTimeout" : "Тайм-аут остановки трекера",
        "subheader" : "Раздел libtorrent",
        "threads" : {
          "asyncIoThreads" : "Потоки асинхронного ввода-вывода",
          "filePoolSize" : "Размер пула файлов",
          "hashingThreads" : "Потоки хеширования (libtorrent >= 2.0)",
          "outstandingMemory" : "Накладная память при проверке торрентов",
          "subheader" : "Потоки"
        },
        "uploadChokingAlgorithm" : "Алгоритм подавления раздачи",
        "uploadSlotsBehavior" : "Поведение слотов для раздачи"
      },
      "openDoc" : "Открыть документацию",
      "qbittorrent" : {
        "allocatedRam" : "Предел использования оперативной памяти (libtorrent >= 2.0)",
        "embeddedTracker" : {
          "enable" : "Включить встроенный трекер",
          "port" : "Встроенный порт трекера",
          "portForward" : "Включить переадресацию портов для встроенного трекера",
          "title" : "Встроенный трекер"
        },
        "networking" : {
          "ipAddress" : {
            "all" : "Все адреса",
            "allIPv4" : "Все IPv4 адреса",
            "allIPv6" : "Все IPv6 адреса",
            "label" : "Необязательный IP-адрес для привязки"
          },
          "networkInterfaces" : {
            "any" : "Любой интерфейс",
            "label" : "Сетевой интерфейс"
          },
          "title" : "Связь"
        },
        "reannounceOnIpPortChanged" : "Повторно уведомлять все трекеры об изменении IP-адреса или порта",
        "recheckOnCompletion" : "Перепроверка торрентов по завершении",
        "refreshInterval" : "Интервал обновления GUI",
        "resolveCountries" : "Разрешить пиры из других стран",
        "saveInterval" : "Сохранить интервал возобновления данных",
        "subheader" : "Раздел qBittorrent"
      }
    },
    "bittorrent" : {
      "autoAddTrackers" : "Автоматически добавлять эти трекеры к новым загрузкам",
      "autoAddTrackersHint" : "Один трекер на строку",
      "maxActiveCheckingTorrents" : "Max active checking torrents",
      "privacy" : {
        "enableAnonymous" : "Включить анонимный режим",
        "enableDHT" : "Включить DHT (децентрализованную сеть) для поиска пиров",
        "enableLPD" : "Искать пиров в вашей локальной сети",
        "enablePeX" : "Включить обмен пирами (PeX)",
        "encryptionMode" : "Режим шифрования",
        "moreInfo" : "Подробнее",
        "subheader" : "Конфиденциальность"
      },
      "seedLimits" : {
        "subheader" : "Ограничение раздачи",
        "then" : "Затем",
        "whenRatioReaches" : "По достижении рейтинга раздачи",
        "whenSeedingTimeReaches" : "По достижении времени раздачи"
      },
      "torrentQueueing" : {
        "downloadRateLimit" : "Порог скорости загрузки",
        "excludeSlowTorrent" : "Не учитывать медленные торренты в этих ограничениях",
        "maxActiveDownload" : "Максимум активных загрузок",
        "maxActiveTorrent" : "Максимум активных торрентов",
        "maxActiveUpload" : "Максимум активных отдач",
        "subheader" : "Очередность торрентов",
        "torrentInactivityTimer" : "Таймер бездействия торрента",
        "uploadRateLimit" : "Порог скорости отдачи"
      }
    },
    "connection" : {
      "connectionLimits" : {
        "globalMaxConnection" : "Глобальное максимальное количество соединений",
        "globalMaxUploadSlots" : "Глобальное максимальное количество слотов для раздачи",
        "perTorrentMaxConnection" : "Максимальное количество соединений на торрент",
        "perTorrentMaxUploadSlots" : "Максимальное количество слотов для раздачи на торрент",
        "subheader" : "Ограничение соединений"
      },
      "ipFiltering" : {
        "applyToTrackers" : "Применить к трекерам",
        "bannedIps" : "Вручную запрещённые IP-адреса",
        "bannedIpsHint" : "По одному на строку",
        "filterPath" : "Путь к фильтрам (.dat, .p2p, .p2b):",
        "subheader" : "Фильтрация по IP"
      },
      "listeningPort" : {
        "incomingConnectionPort" : "Используемый порт для входящих соединений",
        "randomPort" : "Случайный порт",
        "subheader" : "Прослушиваемый порт",
        "useUPnP" : "Использовать UPnP / NAT-PMP для автоматического проброса порта на моём роутере"
      },
      "protocol" : "Протокол подключения к пирам",
      "proxy" : {
        "auth" : {
          "password" : "Пароль",
          "subtitle" : "Аутентификация",
          "tip" : "Примечание: Пароль хранится в незашифрованном виде",
          "username" : "Имя пользователя"
        },
        "host" : "Хост",
        "hostNameLookup" : "Использовать прокси для поиска доменного имени хоста",
        "peerConnections" : "Использовать прокси для соединения с пирами",
        "port" : "Порт",
        "rss" : "Использовать прокси только для торрентов",
        "subheader" : "Прокси сервер"
      }
    },
    "downloads" : {
      "excludedFileNames" : {
        "hint" : "Одно название файла на строку",
        "label" : "Исключенные имена файлов"
      },
      "mailNotification" : {
        "authEnabled" : "Авторизация",
        "enabled" : "Отправлять уведомление на Email когда загрузка завершится",
        "from" : "От",
        "password" : "Пароль",
        "smtpServer" : "SMTP сервер",
        "sslEnabled" : "Этот сервер требует защищённое соединение (SSL)",
        "to" : "Кому",
        "username" : "Логин"
      },
      "monitoredFolders" : {
        "actions" : "Действия",
        "confirmDelete" : "Вы уверены что хотите удалить эту запись?",
        "editItem" : "Редактировать запись",
        "monitoredFolderPath" : "Отслеживаемая папка",
        "newItem" : "Новая запись",
        "noData" : "Ещё нет отслеживаемых папок",
        "otherPath" : "Другой путь",
        "saveType" : "Перезаписать путь сохранения",
        "subheader" : "Отслеживаемые папки"
      },
      "publicSettings" : {
        "appendQBExtension" : "Добавлять расширение .!qB к незавершённым файлам",
        "preAllocateDisk" : "Резервировать место на диске для всех файлов"
      },
      "runExternalProgram" : {
        "onAddedEnabled" : "Запустить внешнюю программу при добавлении торрента:",
        "onAddedLabel" : "Команда",
        "onFinishedEnabled" : "Запустить внешнюю программу при завершении торрента:",
        "onFinishedLabel" : "Команда",
        "subheader" : "Запускать внешнюю программу",
        "supportParamC" : "%C: Количество файлов",
        "supportParamD" : "%D: Путь сохранения",
        "supportParamF" : "%F: Папка содержимого (или корневая папка для торрентов с множеством файлов)",
        "supportParamG" : "%G: Метки (разделяются запятыми)",
        "supportParamI" : "%I: Инфо-хеш v1",
        "supportParamJ" : "%J: Инфо-хеш v2",
        "supportParamK" : "%K: ID торрента",
        "supportParamL" : "%L: Категория",
        "supportParamN" : "%N: Имя торрента",
        "supportParamR" : "%R: Корневая папка (главный путь для подкаталога торрента)",
        "supportParamT" : "%T: Текущий трекер",
        "supportParamTitle" : "Поддерживаемые параметры (с учетом регистра):",
        "supportParamZ" : "%Z: Размер торрента (в байтах)",
        "tip" : "Совет: Заключите параметр в кавычки, чтобы избежать обрезания текста по пробелам (вот так \"%N\")"
      },
      "saveManagement" : {
        "autoTMMEnabled" : "Автоматический режим управления торрентом по умолчанию",
        "categoryChangedTMM" : "При изменении пути загрузки категории",
        "defaultSavePath" : "Путь сохранения по умолчанию:",
        "defaultTMMOptions" : {
          "automatic" : "Автоматически",
          "manual" : "Вручную"
        },
        "exportDir" : "Копировать файлы .torrent в",
        "exportDirFinished" : "Для завершенный загрузок копировать файлы .torrent в",
        "paramChangedTMMOptions" : {
          "relocateTorrent" : "Переместить торрент",
          "switchToManual" : "Переключить торрент в Ручной Режим"
        },
        "savePathChangedTMM" : "При изменении пути загрузки по умолчанию",
        "subheader" : "Управление сохранением",
        "torrentChangedTMM" : "При изменении категории торрента"
      },
      "whenAddTorrent" : {
        "autoDeleteMode" : "Автоматически удалять файлы .torrent",
        "doNotAutoStart" : "Не начинать загрузку автоматически",
        "subheader" : "При добавлении торрента"
      }
    },
    "rss" : {
      "feeds" : {
        "createNew" : "Добавить ленту",
        "noFeeds" : "Лент пока нет",
        "refreshAll" : "Обновить все"
      },
      "general" : {
        "autoDownloader" : {
          "enable" : "Включить автозагрузку торрентов из RSS",
          "subheader" : "Автозагрузчик торрентов из RSS"
        },
        "reader" : {
          "enableProcessing" : "Включить получение RSS-лент",
          "feedsRefreshInterval" : "Интервал обновления лент",
          "maximumArticlesPerFeed" : "Максимум статей для ленты",
          "subheader" : "Менеджер RSS"
        },
        "smartEpisodeFilter" : {
          "downloadEpisodes" : "Загружать эпизоды REPACK/PROPER",
          "filters" : "Фильтры",
          "filtersHint" : "По одному на строку",
          "subheader" : "Умный фильтр эпизодов RSS"
        }
      },
      "rules" : {
        "createNew" : "Создать правило",
        "noRules" : "Правил пока нет"
      }
    },
    "saveSuccess" : "Параметры сохранены!",
    "speed" : {
      "download" : "Загрузка",
      "scheduler" : {
        "from" : "С",
        "selectButtonLabel" : "Выбрать время",
        "subheader" : "Запланировать включение особых ограничений скорости",
        "to" : "До",
        "when" : "Когда"
      },
      "settings" : {
        "applyToPeersOnLan" : "Применять ограничения скорости к локальным пирам",
        "applyToTransportOverhead" : "Применять ограничения скорости к служебному трафику",
        "applyToUtp" : "Применять ограничения скорости к протоколу µTP"
      },
      "subheader" : {
        "alternative" : "Особые ограничения скорости",
        "global" : "Общие ограничения скорости",
        "settings" : "Настройки ограничений скорости"
      },
      "tip" : "0 означает неограниченно",
      "upload" : "Отдача"
    },
    "tabs" : {
      "advanced" : "Дополнительно",
      "bittorrent" : "BitTorrent",
      "connection" : "Соединение",
      "downloads" : "Загрузки",
      "rss" : {
        "feeds" : "Ленты",
        "general" : "Общее",
        "rules" : "Правила",
        "title" : "RSS"
      },
      "speed" : "Скорость",
      "tagsAndCategories" : "Теги и категории",
      "vuetorrent" : {
        "general" : "Общее",
        "title" : "VueTorrent",
        "torrent_card" : "Карточка торрента"
      },
      "webui" : "WebUI"
    },
    "tagsAndCategories" : {
      "categoriesSubheader" : "Доступные категории:",
      "createNewCategory" : "Создать новыю категорию",
      "createNewTag" : "Создать новый тег",
      "noCategories" : "Категорий пока нет",
      "noTags" : "Тегов пока нет",
      "tagsSubheader" : "Доступные теги:"
    },
    "title" : "Параметры",
    "vuetorrent" : {
      "general" : {
        "canvasRefreshThreshold" : "Количество фрагментов, чтобы отключить автоматическое обновление холста",
        "canvasRenderThreshold" : "Количество фрагментов для отключения рендеринга холста",
        "currentVersion" : "Текущая версия",
        "dateFormat" : "Формат даты",
        "exportSettings" : "Экспорт настроек",
        "fileContentInterval" : "Интервал обновления содержимого торрент-файла",
        "importSettings" : "Импорт настроек",
        "isDrawerRight" : "Расположить боковую панель справа",
        "isPaginationOnTop" : "Расположить навигационную панель сверху",
        "isShutdownButtonVisible" : "Показать кнопку выключения",
        "language" : "Язык",
        "matchSystemTheme" : "Использовать тему системы",
        "openSideBarOnStart" : "Открывать боковую панель при запуске",
        "paginationSize" : {
          "infinite_scroll" : "Бесконечная прокрутка",
          "label" : "Количество торрентов на странице"
        },
        "qbittorrentVersion" : "Версия QBittorrent",
        "refreshInterval" : "Интервал обновления qBittorrent API",
        "registerMagnet" : "Регистрировать магнитные ссылки",
        "resetSettings" : "Сбросить настройки",
        "showAlltimeStat" : "Показывать всю статистику",
        "showCurrentSpeed" : "Показывать текущую скорость",
        "showFreeSpace" : "Показывать свободное место",
        "showSessionStat" : "Показывать статистику сессии",
        "showSpeedGraph" : "Показывать график скорости",
        "showTrackerFilter" : "Показывать фильтр трекеров",
        "theme" : "Тема VueTorrent",
        "tip" : "Общие настройки пользовательского WebUI",
        "useBinarySize" : "Заменить размеры данных двоичными единицами измерения (kB -> KiB)",
        "useBitSpeed" : "Заменить значения скорости на биты (kB/s -> kbps)",
        "vueTorrentTitle" : "Заголовок VueTorrent"
      },
      "torrentCard" : {
        "busyTorrentTip" : "Свойства для отображения активных торрентов",
        "doneTorrentTip" : "Свойства для отображения завершенных торрентов"
      }
    },
    "webUI" : {
      "authentication" : {
        "banDuration" : "Время блокировки",
        "banDurationHint" : "В секундах",
        "bypassLocalhost" : "Пропускать аутентификацию клиентов для localhost",
        "bypassWhitelist" : "Пропускать аутентификацию клиентов для разрешённых подсетей",
        "maxAttempts" : "Максимум попыток",
        "password" : "Пароль",
        "passwordPlaceholder" : "(без изменений)",
        "sessionTimeout" : "Тайм-аут сессии",
        "sessionTimeoutHint" : "В секундах",
        "subheader" : "Аутентификация",
        "username" : "Имя пользователя",
        "whitelistExamples" : "Пример: 172.17.32.0/24, fdff:ffff:c8::/40"
      },
      "customHeaders" : "Добавить пользовательские заголовки HTTP",
      "customHeadersHint" : "Одно значение на строку",
      "customHeadersPlaceholder" : "Header1: value1\nHeader2: value2\n...",
      "dynDns" : {
        "domainName" : "Доменное имя",
        "password" : "Пароль",
        "providers" : {
          "dynDns" : "DynDNS",
          "noIp" : "NO-IP"
        },
        "registerBtn" : "Регистрация",
        "subheader" : "Обновлять динамическое доменное имя",
        "username" : "Имя пользователя"
      },
      "https" : {
        "certificate" : "Сертификат",
        "key" : "Ключ",
        "subheader" : "Использовать HTTPS",
        "tip" : "Сведения о сертификатах"
      },
      "interface" : {
        "ipAddress" : "IP адрес",
        "port" : "Порт",
        "subheader" : "Веб-интерфейс пользователя (дистанционное управление)",
        "useAlternativeWebUI" : "Использовать альтернативный WebUI",
        "useUPnP" : "Использовать UPnP / NAT-PMP для автоматического проброса порта на моём роутере"
      },
      "proxiesList" : "Список доверенных прокси-серверов",
      "proxiesListHint" : "Перечисляйте IP через точку с запятой ( ; )",
      "reverseProxySupport" : "Включить поддержку обратного прокси-сервера",
      "security" : {
        "clickjacking" : "Включить защиту от кликджекинга",
        "csrf" : "Включить защиту от межсайтовой подделки запроса (CSRF)",
        "hostHeaderValidation" : "Включить проверку заголовка хоста",
        "hostHeaderValidationHint" : "Перечисляйте через точку с запятой ( ; )",
        "secureCookie" : "Включить защиту куки (требует HTTPS)",
        "serverDomains" : "Домены сервера",
        "subheader" : "Безопасность"
      }
    }
  },
  "topbar" : {
    "actions" : {
      "delete" : "Удалить торренты",
      "logs" : "Открыть логи",
      "pause" : "Приостановить торренты",
      "resume" : "Возобновить торренты",
      "rssArticles" : "Открыть статьи RSS",
      "searchEngine" : "Открыть поиск",
      "settings" : "Открыть настройки"
    },
    "addTorrents" : "Добавить торренты",
    "overflow" : {
      "delete" : "Удалить",
      "logs" : "Логи qBit",
      "pause" : "Пауза",
      "resume" : "Возобновить",
      "rssArticles" : "RSS статьи",
      "searchEngine" : "Поиск",
      "settings" : "Настройки"
    },
    "searchTorrents" : "Поиск торрентов"
  },
  "torrentDetail" : {
    "content" : {
      "fileInfo" : "{n} файл(а) | {n} файлов",
      "folderInfo" : "{n} папк(а/ок) | {n} папки",
      "rootNode" : "(Root Node)"
    },
    "info" : {
      "boolean_values" : "Логические значения",
      "data_values" : "Значения данных",
      "datetime_values" : "Значения даты/времени",
      "duration_values" : "Значения длительности",
      "long_text_values" : "Значения долгого текста",
      "speed_values" : "Значения скорости",
      "text_values" : "Текстовые значения"
    },
    "overview" : {
      "canvasRefreshDisabled" : "Canvas auto-refresh is disabled",
      "canvasRenderDisabled" : "Canvas rendering is disabled",
      "copy_hash" : "Скопировать хэш",
      "dlSpeedAverage" : "Средняя скорость загрузки",
      "downloaded" : "Скачано",
      "fetchingMetadata" : "Обновляется...",
      "fileCount" : "Файлов выбрано",
      "pieceCount" : "{owned} / {total} ({pieceSize})",
      "ratio" : "Рейтинг",
      "selectedFileSize" : "Размер выбранных файлов",
      "uploaded" : "Роздано",
      "upSpeedAverage" : "Средняя скорость раздачи",
      "waitingForMetadata" : "Ожидание метадаты..."
    },
    "peers" : {
      "addPeers" : {
        "newPeers" : "Хосты пиров для добавления",
        "newPeersHint" : "Один за линию",
        "newPeersPlaceholder" : "host:port",
        "title" : "Добавить пиры"
      },
      "emptyList" : "Нет подключенных пиров на данный момент",
      "table" : {
        "client" : "Клиент",
        "connection" : "Соединение",
        "downloaded" : "Загружено",
        "downloadSpeed" : "Згрзк",
        "files" : "Файлы",
        "flags" : "Флаги",
        "host" : "Хост",
        "progress" : "Прогресс",
        "relevance" : "Актуальность",
        "uploaded" : "Роздано",
        "upSpeed" : "Рздч"
      }
    },
    "tabs" : {
      "content" : "Контент",
      "info" : "Инфо",
      "overview" : "Общее",
      "peers" : "Пиры",
      "tagsAndCategories" : "Теги и категории",
      "trackers" : "Трекеры"
    },
    "tagsAndCategories" : {
      "categories" : "Категории",
      "tags" : "Теги"
    },
    "title" : "Детали торрента",
    "trackers" : {
      "addTrackers" : {
        "newTrackers" : "URL-ссылки трекеров для добавления",
        "newTrackersHint" : "Одна на линию, разделяя ранги пустой линией",
        "title" : "Добавить трекеры"
      },
      "editTracker" : {
        "newUrl" : "Новая ссылка",
        "newUrlRequired" : "Укажите новую ссылку",
        "oldUrl" : "Старая ссылка",
        "title" : "Редактировать трекер"
      },
      "peersValue" : "{peers} пиров ({seeds} S /{leeches} L)",
      "reannounce" : "Переанонсировать всё",
      "tier" : "Ранг: {n}"
    }
  },
  "torrent" : {
    "properties" : {
      "added_on" : "Добавлено",
      "amount_left" : "Осталось",
      "auto_tmm" : "Автоматическое управление торрентом",
      "availability" : "Доступность",
      "available_peers" : "Пиры (рой)",
      "available_seeds" : "Сиды (рой)",
      "avg_download_speed" : "Средняя скорость загрузки",
      "avg_upload_speed" : "Средняя скорость выгрузки",
      "category" : "Категоии",
      "completed_on" : "Завершено",
      "content_path" : "Путь содержимого",
      "downloaded" : "Загружено (всего)",
      "downloaded_session" : "Загружено (за сессию)",
      "download_limit" : "Лимит загрузки",
      "download_path" : "Путь загрузки",
      "download_speed" : "Скорость загрузки",
      "empty_category" : "(без категорий)",
      "empty_tags" : "(нет тегов)",
      "eta" : "Осталось",
      "f_l_piece_prio" : "Приоритет первой / последней части",
      "forced" : "Принудительное состояние",
      "global_speed" : "Общая скорость",
      "global_volume" : "Роздано/загружено всего",
      "hash" : "Хэш",
      "infohash_v1" : "Infohash v1",
      "infohash_v2" : "Infohash v2",
      "last_activity" : "Последняя активность",
      "magnet" : "Магнитная ссылка",
      "name" : "Название торрента",
      "num_leechs" : "Пиры (подключено)",
      "num_seeds" : "Сиды (подключено)",
      "peers" : "Пиры",
      "priority" : "Приоритет",
      "progress" : "Прогресс",
      "progress_bar" : "Панель прогресса",
      "ratio" : "Рейтинг",
      "ratio_limit" : "Лимит рейтинга",
      "ratio_time_limit" : "Время лимита рейтинга",
      "save_path" : "Путь сохранения",
      "seeding_time" : "Время раздачи",
      "seeds" : "Сиды",
      "seen_complete" : "Проверка окончена",
      "seq_dl" : "Последовательная загрузка",
      "size" : "Размер",
      "state" : "Состояние",
      "super_seeding" : "Режим суперсида",
      "tags" : "Теги",
      "time_active" : "Активное время",
      "total_size" : "Общий размер",
      "tracker" : "Трекер",
      "trackers_count" : "Количество трекеров",
      "uploaded" : "Выгружено (всего)",
      "uploaded_session" : "Выгружено (за сессию)",
      "upload_limit" : "Лимит выгрузки",
      "upload_speed" : "Скорость "
    },
    "state" : {
      "allocating" : "Резервирование",
      "checkingDL" : "Проверка (не завершено)",
      "checkingResumeData" : "Проверка данных",
      "checkingUP" : "Проверка (завершено)",
      "downloading" : "Скачивание",
      "error" : "Ошибка",
      "forcedDL" : "[П] Загрузка",
      "forcedUP" : "[П] Отдача",
      "metaDL" : "Метадата",
      "missingFiles" : "Файлы утеряны",
      "moving" : "Перемещение",
      "pausedDL" : "На паузер",
      "pausedUP" : "Завершено",
      "queuedDL" : "В очереди (Загр)",
      "queuedUP" : "В очереди (Отдч)",
      "stalledDL" : "Простаивает",
      "stalledUP" : "Раздача",
      "unknown" : "Неизвестно",
      "uploading" : "Отдача"
    }
  },
  "units" : {
    "minutes" : "минуты",
    "seconds" : "секунды"
  }
}