{
  "common" : {
    "cancel" : "取消",
    "close" : "關閉",
    "delete" : "移除",
    "disable" : "停用",
    "emptyList" : "這裡沒東西可看！",
    "NA" : "不適用",
    "no" : "否",
    "none" : "(無)",
    "ok" : "確認",
    "save" : "儲存",
    "selectAll" : "選擇全部",
    "selectNone" : "取消選擇全部",
    "useGlobalSettings" : "使用全域設定",
    "yes" : "是"
  },
  "constants" : {
    "addPaused" : {
      "always" : "總是",
      "never" : "永不",
      "title" : "加入已暫停的"
    },
    "bittorrentProtocols" : {
      "tcp" : "TCP",
      "tcp_utp" : "TCP 與 μTP",
      "utp" : "μTP"
    },
    "connectionStatus" : {
      "connected" : "已連線",
      "disconnected" : "未連線",
      "firewalled" : "防火牆限制",
      "unknown" : "未知"
    },
    "contentLayout" : {
      "nosubfolder" : "移除子資料夾",
      "original" : "原始",
      "subfolder" : "建立子資料夾",
      "title" : "種子內容佈局"
    },
    "diskIoMode" : {
      "disableOsCache" : "停用作業系統快取",
      "enableOsCache" : "啟用作業系統快取",
      "writeThrough" : "連續寫入 (libtorrent >= 2.0.6)"
    },
    "diskIoType" : {
      "default" : "預設",
      "memoryMappedFiles" : "記憶體對映檔案",
      "posixCompliant" : "遵循 POSIX"
    },
    "encryption" : {
      "forceOff" : "停用加密",
      "forceOn" : "要求加密",
      "preferEncryption" : "允許加密"
    },
    "file_log_age_type" : {
      "days" : "天",
      "months" : "月",
      "years" : "年"
    },
    "file_priority" : {
      "high" : "高",
      "max" : "最高",
      "normal" : "一般",
      "unwanted" : "不要下載"
    },
    "maxRatioAction" : {
      "pauseTorrent" : "暫停種子",
      "removeTorrent" : "移除種子",
      "removeTorrentAndFiles" : "移除種子與其檔案",
      "torrentSuperseeding" : "為種子啟用超級做種"
    },
    "monitoredFolderSaveLocation" : {
      "defaultSavePath" : "預設儲存路徑",
      "monitoredFolder" : "已監視的資料夾",
      "other" : "其他"
    },
    "proxy_type" : {
      "http" : "HTTP",
      "socks4" : "SOCKS4",
      "socks5" : "SOCKS5"
    },
    "scheduler" : {
      "everyDay" : "每天",
      "everyFriday" : "星期五",
      "everyMonday" : "星期一",
      "everySaturday" : "星期六",
      "everySunday" : "星期天",
      "everyThursday" : "星期四",
      "everyTuesday" : "星期二",
      "everyWednesday" : "星期三",
      "everyWeekday" : "平日",
      "everyWeekend" : "週末"
    },
    "stopCondition" : {
      "filesChecked" : "檢查檔案後",
      "metadataReceived" : "收到元資料後",
      "none" : "無",
      "title" : "種子停止條件"
    },
    "theme" : {
      "auto" : "跟隨系統主題",
      "dark" : "暗色主題",
      "light" : "亮色主題"
    },
    "titleOptions" : {
      "custom" : "自訂",
      "default" : "預設",
      "first_torrent_speed" : "首個種子速率",
      "global_speed" : "全域速率"
    },
    "trackerStatus" : {
      "disabled" : "已停用",
      "not_working" : "沒有運作",
      "not_yet_contacted" : "尚未連線",
      "updating" : "正在更新",
      "working" : "正在運作"
    },
    "uploadChokingAlgorithm" : {
      "antiLeech" : "反蝗族",
      "fastestUpload" : "上傳最快",
      "roundRobin" : "循環"
    },
    "uploadSlotsBehavior" : {
      "fixedSlots" : "固定通道",
      "uploadRateBased" : "基於上傳速率"
    },
    "utpTcpMixedMode" : {
      "peerProportional" : "下載者比例 (TCP 節流)",
      "preferTcp" : "偏好 TCP"
    }
  },
  "dashboard" : {
    "displayMode" : {
      "grid" : "網格",
      "list" : "列表",
      "table" : "表格",
      "title" : "顯示模式"
    },
    "not_complete" : "未完成",
    "right_click" : {
      "advanced" : {
        "auto_tmm" : "自動種子管理 (ATM)",
        "f_l_prio" : "首末優先",
        "reannounce" : "強制重新發佈",
        "recheck" : "強制重新檢查",
        "rename" : "重新命名",
        "seq_dl" : "順序下載",
        "title" : "進階"
      },
      "category" : {
        "clear" : "(清除分類)",
        "disabled_title" : "無分類",
        "title" : "設定分類"
      },
      "copy" : {
        "hash" : "雜湊值",
        "magnet" : "磁力連結",
        "name" : "名稱",
        "title" : "複製"
      },
      "export" : "匯出種子 | 匯出種子",
      "info" : "顯示詳情",
      "priority" : {
        "bottom" : "最低優先級",
        "decrease" : "降低優先級",
        "increase" : "提升優先級",
        "title" : "設定優先級",
        "top" : "最高優先級"
      },
      "speed_limit" : {
        "download" : "設定下載限制",
        "share" : "設定分享限制",
        "title" : "設定速率限制",
        "upload" : "設定上傳限制"
      },
      "tags" : {
        "disabled_title" : "無標籤",
        "title" : "設定標籤"
      }
    },
    "searchInputLabel" : "搜尋",
    "selectAll" : "(取消) 選擇全部 (Ctrl + A)",
    "selectedTorrentsCount" : "無種子 | {total} 個種子中的 {count} 個 ({size}) | {total} 個種子中的 {count} 個 ({size})",
    "sortBy" : {
      "added_on" : "新增於",
      "amount_left" : "剩餘大小",
      "auto_tmm" : "自動種子管理",
      "availability" : "可得性",
      "avg_download_speed" : "平均下載速率",
      "avg_upload_speed" : "平均上傳速率",
      "category" : "分類",
      "completed" : "已完成",
      "completion_on" : "完成於",
      "content_path" : "內容路徑",
      "default" : "預設",
      "dl_limit" : "下載限制",
      "dlspeed" : "下載速率",
      "downloaded" : "已下載 (全域)",
      "downloaded_session" : "已下載 (會話)",
      "download_path" : "下載路徑",
      "eta" : "預估剩餘時間",
      "f_l_piece_prio" : "首末塊優先",
      "force_start" : "強制繼續",
      "globalSpeed" : "全域速率",
      "globalVolume" : "全域大小",
      "hash" : "雜湊值",
      "infohash_v1" : "資訊雜湊值 v1",
      "infohash_v2" : "資訊雜湊值 v2",
      "last_activity" : "最後活動",
      "magnet_uri" : "磁力連結",
      "max_ratio" : "最大分享率",
      "max_seeding_time" : "最大做種時間",
      "name" : "名稱",
      "num_complete" : "種子數 (群)",
      "num_incomplete" : "下載者數 (群)",
      "num_leechs" : "下載者數 (已連線)",
      "num_seeds" : "種子數 (已連線)",
      "priority" : "優先級",
      "progress" : "進度",
      "ratio" : "分享率",
      "ratio_limit" : "分享率限制",
      "save_path" : "儲存路徑",
      "seeding_time" : "做種時間",
      "seeding_time_limit" : "做種時間限制",
      "seen_complete" : "最後完整可見",
      "seq_dl" : "順序下載",
      "size" : "大小",
      "state" : "狀態",
      "super_seeding" : "超級做種",
      "tags" : "標籤",
      "time_active" : "經過時間",
      "total_size" : "總大小",
      "tracker" : "追蹤者",
      "trackers_count" : "追蹤者數",
      "up_limit" : "上傳限制",
      "uploaded" : "已上傳 (全域)",
      "uploaded_session" : "已上傳 (會話)",
      "upspeed" : "上傳速率"
    },
    "sortLabel" : "排序方式",
    "toggleSearchFilter" : "切換搜尋過濾器",
    "toggleSelectMode" : "選擇模式",
    "toggleSortOrder" : "反轉排序",
    "torrentsCount" : "無種子 | {n} 個種子 | {n} 個種子"
  },
  "dialogs" : {
    "add" : {
      "addToTopOfQueue" : "新增至佇列頂部",
      "autoTMM" : "自動種子管理 (ATM)",
      "category" : "分類",
      "cookie" : "Cookie",
      "cookiePlaceholder" : "名稱1=值1; 名稱2=值2; ...",
      "dlLimit" : "下載限制",
      "downloadPath" : "下載路徑",
      "dropLabel" : "拖拽檔案和連結至此處",
      "error" : "新增種子時出錯",
      "fileOverflow" : "+{n} 個",
      "files" : "選擇檔案",
      "firstLastPiecePrio" : "優先下載首末塊",
      "inactiveSeedingTimeLimit" : "閒置做種時間限制",
      "limitCollapse" : "限制設定",
      "limitHint" : "-1 以禁用, -2 或空使用全域值",
      "links" : "連結 (磁力, http, 檔案, ...)",
      "noCategories" : "尚無分類。輸入名稱以新增",
      "noCategoryMatch" : "無分類符合 \"{query}\"。將會自動新增。",
      "noTagMatch" : "無標籤符合 \"{query}\"。 按 Enter 鍵以新增。",
      "noTags" : "尚無標籤。輸入名稱以新增。",
      "pending" : "正在傳送種子...",
      "ratioLimit" : "分享率限制",
      "rename" : "重新命名種子",
      "resetForm" : "重置表單",
      "savePath" : "儲存路徑",
      "seedingTimeLimit" : "做種時間限制",
      "sequentialDownload" : "順序下載",
      "skipChecking" : "跳過雜湊值檢查",
      "startNow" : "立即開始",
      "submit" : "新增種子",
      "success" : "已添加 {n} 個種子 | 已添加 {n} 個種子",
      "tags" : "標籤",
      "title" : "新增種子",
      "upLimit" : "上傳限制"
    },
    "category" : {
      "name" : "分類名稱",
      "nameRequired" : "必須填寫分類名稱",
      "oldName" : "舊分類名稱",
      "savePath" : "儲存路徑",
      "title" : {
        "create" : "新增分類",
        "edit" : "編輯分類"
      },
      "warnEdit" : "編輯分類名稱會將種子轉移至新分類。\n有可能會發生錯誤，請謹慎使用。"
    },
    "connectionStatus" : {
      "dht_nodes" : "DHT 節點",
      "externalIp" : "外部 IP 位置",
      "status" : "連線狀態",
      "total_peer_connections" : "活躍的下載者連接數"
    },
    "delete" : {
      "deleteWithFiles" : "移除種子與其檔案",
      "title" : "移除 {n} 個種子 | 移除 {n} 個種子",
      "warnDelete" : "打勾此方格將移除種子包含的所有內容。"
    },
    "moveTorrentFile" : {
      "oldName" : "舊名稱",
      "title" : "移動種子檔案 | 移動種子資料夾"
    },
    "moveTorrent" : {
      "newPath" : "新路徑",
      "oldPath" : "舊路徑",
      "required" : "必須填寫新路徑",
      "samePath" : "新路徑必須與舊路徑不同"
    },
    "pluginManager" : {
      "headers" : {
        "actions" : "動作",
        "enabled" : "已啟用",
        "name" : "名稱",
        "url" : "引擎 URL",
        "version" : "版本"
      },
      "install" : {
        "activator" : "安裝新外掛",
        "label" : "外掛 URL",
        "title" : "安裝外掛"
      },
      "title" : "外掛管理器",
      "update" : "更新外掛"
    },
    "renameTorrent" : {
      "newName" : "新名稱",
      "oldName" : "舊名稱",
      "required" : "必須填寫新名稱",
      "sameName" : "新名稱必須與舊名稱不同",
      "title" : "重新命名種子"
    },
    "rss" : {
      "feed" : {
        "name" : "名稱",
        "title" : {
          "create" : "新增 RSS 訂閱源",
          "edit" : "編輯 RSS 訂閱源"
        },
        "url" : "連結"
      },
      "rule" : {
        "addPaused" : "加入已暫停的",
        "affectedFeedsSubheader" : "受影響的訂閱源",
        "assignedCategory" : "指派分類",
        "episodeFilter" : "章節過濾器",
        "episodeFilterPlaceholder" : "例子: S01E02-S01E05",
        "ignoreDays" : "忽略過去 {day} 天內發佈的項目",
        "ignoreDaysHint" : "0 以停用",
        "lastMatch" : {
          "knownValue" : "今天 | {n} 天前 | {n} 天前",
          "label" : "最後符合",
          "unknownValue" : "未知"
        },
        "matchingArticles" : {
          "noMatch" : "無符合的文章",
          "title" : "符合的文章"
        },
        "mustContain" : "必須包含",
        "mustNotContain" : "必須不包含",
        "name" : "名稱",
        "savePath" : "儲存路徑",
        "savePathPlaceholder" : "留空以使用預設儲存路徑",
        "smartFilter" : "使用智慧型章節過濾器",
        "title" : {
          "create" : "新增 RSS 規則",
          "edit" : "編輯 RSS 規則"
        },
        "useRegex" : "使用正規表達式"
      }
    },
    "share_limit" : {
      "disabled" : "設定無分享限制",
      "enabled" : "設定分享限制為",
      "global" : "使用全域分享限制",
      "inactive_seeding_time_limit" : "不活躍分鐘數",
      "ratio_limit" : "分享率",
      "seeding_time_limit" : "總分鐘數",
      "title" : "設定分享率限制"
    },
    "shutdown" : {
      "content" : "你確認想要結束 qBittorrent 嗎？",
      "error" : "無法結束應用，請確認 qBittorrent 正在運行！",
      "success" : "已成功結束 qBittorrent!",
      "title" : "結束 qBittorrent"
    },
    "speed_limit" : {
      "download" : "設定下載速率限制",
      "label" : "速率限制",
      "upload" : "設定上傳速率限制"
    },
    "tag" : {
      "comma" : "重新命名標籤時名稱不可包含逗號",
      "hint" : "提示: 可使用逗號分隔以新增多個標籤",
      "name" : "標籤名稱",
      "oldName" : "舊標籤名稱",
      "required" : "必須填寫標籤名稱",
      "title" : {
        "create" : "新增標籤",
        "rename" : "重新命名標籤"
      },
      "warnEdit" : "編輯標籤名稱會將種子轉移至新標籤。\n有可能會發生錯誤，請謹慎使用。"
    }
  },
  "login" : {
    "error" : "登入失敗！",
    "password" : "密碼",
    "rules" : {
      "password_required" : "必須填寫密碼",
      "username_required" : "必須填寫使用者名稱"
    },
    "submit" : "登入",
    "subtitle" : "輸入你的憑證",
    "success" : "登入成功！",
    "title" : "登入",
    "username" : "使用者名稱"
  },
  "logs" : {
    "emptyLogList" : "未找到日誌",
    "filters" : {
      "sortBy" : {
        "id" : "日誌 ID",
        "label" : "排序方式",
        "message" : "訊息",
        "timestamp" : "日誌日期",
        "type" : "日誌等級"
      },
      "type" : "日誌等級"
    },
    "title" : "qBittorrent 日誌"
  },
  "navbar" : {
    "addPanel" : {
      "torrentsPendingCount" : "{n} 個種子待上傳 | {n} 個種子待上傳"
    },
    "side" : {
      "bottom_actions" : {
        "alt_speed" : "替補速率限制",
        "conn_status" : "連線狀態: {status}",
        "dark_mode" : "切換至亮色介面 | 切換至暗色介面",
        "logout" : "登出",
        "shutdown" : "結束 qBittorrent"
      },
      "current_speed" : {
        "title" : "當前速率"
      },
      "filters" : {
        "activeFilter" : "{n} 個過濾器啟用中",
        "category" : "分類過濾器",
        "disabled" : "(已禁用)",
        "state" : "種子狀態過濾器",
        "tag" : "標籤過濾器",
        "tracker" : "追蹤者過濾器",
        "uncategorized" : "(未分類)",
        "untagged" : "(未標籤)",
        "untracked" : "(未追蹤)"
      },
      "speed_graph" : {
        "download_label" : "下載",
        "relative_time" : "現在 | {n} 秒前 | {n} 秒前",
        "upload_label" : "上傳"
      },
      "stats" : {
        "alltime" : {
          "title" : "歷史狀態"
        },
        "downloaded" : "已下載",
        "free_space" : "剩餘空間",
        "ratio" : "分享率",
        "session" : {
          "title" : "會話狀態"
        },
        "uploaded" : "已上傳"
      }
    },
    "top" : {
      "active_filters" : {
        "category" : "分類過濾器: {value}",
        "menu_label" : "啟用中的過濾器: {n} | 啟用中的過濾器: {n}",
        "multiple_category" : "分類過濾器: {n} 個分類",
        "multiple_state" : "狀態過濾器: {n} 種狀態",
        "multiple_tag" : "標籤過濾器: {n} 個標籤",
        "multiple_tracker" : "追蹤者過濾器: {n} 個追蹤者",
        "state" : "狀態過濾器: {value}",
        "tag" : "標籤過濾器: {value}",
        "text" : "文本過濾器: {value}",
        "tracker" : "追蹤者過濾器: {value}"
      }
    }
  },
  "rssArticles" : {
    "filters" : {
      "title" : "標題過濾器",
      "unread" : "僅顯示未讀文章"
    },
    "item" : {
      "author" : "作者: {author}",
      "category" : "分類: {category}",
      "feedName" : "訂閱源名稱: {name}"
    },
    "markAllAsRead" : "標記全部項目為已讀",
    "title" : "RSS 文章"
  },
  "searchEngine" : {
    "filters" : {
      "category" : {
        "all" : "所有",
        "anime" : "動畫",
        "books" : "書籍",
        "games" : "遊戲",
        "label" : "搜尋分類",
        "movies" : "電影",
        "music" : "音樂",
        "pictures" : "圖片",
        "software" : "軟體",
        "tv" : "電視劇"
      },
      "plugins" : {
        "all" : "所有",
        "enabled" : "已啟用",
        "label" : "搜尋外掛"
      },
      "title" : {
        "label" : "按標題過濾"
      }
    },
    "headers" : {
      "fileName" : "檔案名稱",
      "fileSize" : "檔案大小",
      "nbLeechers" : "蝗族",
      "nbSeeders" : "種子",
      "siteUrl" : "網站連結"
    },
    "query" : "搜尋查詢",
    "runSearch" : "搜尋",
    "stopSearch" : "停止",
    "tabHeaderEmpty" : "(空查詢)",
    "title" : "搜尋種子"
  },
  "settings" : {
    "advanced" : {
      "libtorrent" : {
        "announceAllTiers" : "總是發佈到所有追蹤者群組",
        "announceAllTrackers" : "總是發佈到同一追蹤者群組內的所有追蹤者",
        "announceIP" : "向追蹤器回報的 IP 位置 (需要重新啟動)",
        "coalesceReadsWrites" : "合併讀寫 (libtorrent < 2.0)",
        "disk" : {
          "diskCache" : "硬碟快取 (libtorrent < 2.0)",
          "diskCacheExpiry" : "硬碟快取過期區間 (libtorrent < 2.0)",
          "diskIoReadMode" : "硬碟 IO 讀取模式",
          "diskIoType" : "硬碟 IO 類型 (libtorrent >= 2.0; 需要重新啟動)",
          "diskIoWriteMode" : "硬碟 IO 寫入模式",
          "diskQueueSize" : "硬碟佇列大小",
          "subheader" : "硬碟"
        },
        "maxConcurrentHTTPAnnounces" : "最大並行 HTTP 發佈",
        "networking" : {
          "outgoingPortsMax" : "連出埠（最大）[0: 停用]",
          "outgoingPortsMin" : "連出埠（最小）[0: 停用]",
          "peerTos" : "連接到下載者的 DSCP 值",
          "subheader" : "網路",
          "upnpLeaseDuration" : "UPnP 租約期限 [0: 永久租約]",
          "utpTcpMixedModeAlgorithm" : "μTP-TCP 混合模式演算法"
        },
        "outgoingConnectionsPerSecond" : "每秒對外連線數",
        "peerTurnover" : "下載者流動斷線百分比",
        "peerTurnoverCutoff" : "下載者流動閾值百分比",
        "peerTurnoverInterval" : "下載者流動斷線區間",
        "pieceExtentAffinity" : "使用分塊範圍關聯",
        "requestQueueSize" : "對單個下載者的最多未完成請求",
        "security" : {
          "allowMultipleConnectionsFromTheSameIPAddress" : "允許從同一個 IP 位置而來的多重連線",
          "blockPeersOnPrivilegedPorts" : "不允許連線到在特權連接埠上的下載者",
          "idnSupport" : "啟用國際化域名 (IDN)支援",
          "mitigateSSRF" : "伺服器端請求偽造 (SSRF) 緩解",
          "subheader" : "安全",
          "validateHTTPSTrackerCertificate" : "驗證 HTTPS 追蹤器憑證"
        },
        "sendBufferLowWatermark" : "傳送緩衝低浮水印",
        "sendBufferWatermark" : "傳送緩衝浮水印",
        "sendBufferWatermarkFactor" : "傳送緩衝浮水印因子",
        "sendUploadPieceSuggestions" : "傳送上傳分塊建議",
        "socketBacklogSize" : "Socket 紀錄檔大小",
        "socketReceiveBufferSize" : "Socket 接收緩衝大小",
        "socketReceiveBufferSizeHint" : "0: 系統預設值",
        "socketSendBufferSize" : "Socket 傳送緩衝大小",
        "socketSendBufferSizeHint" : "0: 系統預設值",
        "stopTrackerTimeout" : "停止追蹤者逾時",
        "subheader" : "libtorrent 部分",
        "threads" : {
          "asyncIoThreads" : "異步 I/O 執行緒",
          "bdecodeDepthLimit" : "Bdecode 深度限制",
          "bdecodeTokenLimit" : "Bdecode 令牌限制",
          "filePoolSize" : "檔案叢集大小",
          "hashingThreads" : "雜湊執行緒 (libtorrent >= 2.0)",
          "outstandingMemory" : "檢查種子時的未完成記憶體",
          "subheader" : "執行緒"
        },
        "uploadChokingAlgorithm" : "上傳演算法",
        "uploadSlotsBehavior" : "上傳通道行為"
      },
      "openDoc" : "開啟文檔",
      "qbittorrent" : {
        "allocatedRam" : "實體記憶體 (RAM) 使用限制 (libtorrent >= 2.0)",
        "embeddedTracker" : {
          "enable" : "啟用嵌入追蹤者",
          "port" : "嵌入追蹤者埠",
          "portForward" : "為嵌入追蹤者啟用連接埠轉發",
          "title" : "嵌入追蹤者"
        },
        "networking" : {
          "ipAddress" : {
            "all" : "所有位置",
            "allIPv4" : "所有 IPv4 位置",
            "allIPv6" : "所有 IPv6 位置",
            "label" : "可選擇綁定的 IP 位置"
          },
          "networkInterfaces" : {
            "any" : "任何介面",
            "label" : "網路介面"
          },
          "title" : "網路"
        },
        "reannounceOnIpPortChanged" : "當 IP 或連接埠變更時通知所有追蹤者",
        "recheckOnCompletion" : "完成後重新檢查種子",
        "refreshInterval" : "介面重新整理區間",
        "resolveCountries" : "解析下載者國家",
        "resumeDataStorageType" : {
          "label" : "恢復數據儲存類型 (需要重新啟動)",
          "legacy" : "快速恢復檔案",
          "sqlite" : "SQLite 數據庫 (實驗性)"
        },
        "saveInterval" : "儲存復原資料區間",
        "subheader" : "qBittorrent 部分",
        "torrentFileSizeLimit" : ".torrent 檔案大小限制"
      }
    },
    "behavior" : {
      "logs" : {
        "file_log_age" : "刪除早於以下時間的備份日誌",
        "file_log_backup_enabled" : "啟用日誌備份",
        "file_log_delete_old" : "移除舊的備份日誌",
        "file_log_enabled" : "啟用日誌文件",
        "file_log_max_size" : "備份日誌當",
        "file_log_path" : "儲存路徑",
        "subheader" : "日誌管理"
      },
      "performance_warning" : "日誌效能警告"
    },
    "bittorrent" : {
      "autoAddTrackers" : "自動新增這些追蹤者至新的下載中",
      "autoAddTrackersHint" : "每行一個追蹤者",
      "maxActiveCheckingTorrents" : "最大活躍的正在檢查種子數",
      "privacy" : {
        "enableAnonymous" : "啟用匿名模式",
        "enableDHT" : "啟用 DHT (分散式網絡) 以尋找更多下載者",
        "enableLPD" : "啟用本地下載者搜尋以尋找更多下載者",
        "enablePeX" : "啟用節點交換 (PeX) 以尋找更多下載者",
        "encryptionMode" : "加密模式",
        "moreInfo" : "更多資訊",
        "subheader" : "隱私"
      },
      "seedLimits" : {
        "subheader" : "做種限制",
        "then" : "然後",
        "whenInactiveSeedingTimeReaches" : "當閒置做種時間達到",
        "whenRatioReaches" : "當分享率達到",
        "whenSeedingTimeReaches" : "當做種時間達到"
      },
      "torrentQueueing" : {
        "downloadRateLimit" : "下載速率閾值",
        "excludeSlowTorrent" : "不要在這些限制範圍內計算速率慢的種子",
        "maxActiveDownload" : "最大活躍下載數",
        "maxActiveTorrent" : "最大活躍種子數",
        "maxActiveUpload" : "最大活躍上傳數",
        "subheader" : "種子佇列",
        "torrentInactivityTimer" : "種子不活躍計時器",
        "uploadRateLimit" : "上傳速率閾值"
      }
    },
    "connection" : {
      "connectionLimits" : {
        "globalMaxConnection" : "全域最大連線數",
        "globalMaxUploadSlots" : "全域上傳通道最大數",
        "perTorrentMaxConnection" : "單個種子的最大連線數",
        "perTorrentMaxUploadSlots" : "單個種子的上傳通道最大數",
        "subheader" : "連線限制"
      },
      "ipFiltering" : {
        "applyToTrackers" : "套用到追蹤者",
        "bannedIps" : "手動封鎖的 IP 位置",
        "bannedIpsHint" : "每行一個",
        "filterPath" : "過濾器路徑 (.dat, .p2p, .p2b)",
        "subheader" : "IP 過濾"
      },
      "listeningPort" : {
        "incomingConnectionPort" : "連入連線時使用的埠",
        "randomPort" : "隨機連接埠",
        "subheader" : "監聽埠",
        "useUPnP" : "使用從路由器轉送的 UPnP / NAT-PMP 連接埠"
      },
      "protocol" : "下載者連線協定",
      "proxy" : {
        "auth" : {
          "password" : "密碼",
          "subtitle" : "驗證",
          "tip" : "資訊: 密碼以未加密的形式儲存",
          "username" : "使用者名稱"
        },
        "bittorrent" : "對 BitTorrent 使用代理",
        "host" : "主機",
        "hostNameLookup" : "為主機名稱查詢使用代理",
        "misc" : "對一般用途使用代理",
        "peerConnections" : "使用代理來連線下載者",
        "port" : "埠",
        "rss" : "只對種子使用代理",
        "subheader" : "代理伺服器"
      }
    },
    "downloads" : {
      "excludedFileNames" : {
        "hint" : "每行一個檔案名稱",
        "label" : "排除的檔案名稱"
      },
      "mailNotification" : {
        "authEnabled" : "驗證",
        "enabled" : "下載完成時使用電子郵件通知",
        "from" : "從",
        "password" : "密碼",
        "smtpServer" : "SMTP 伺服器",
        "sslEnabled" : "這個伺服器需要加密連線 (SSL)",
        "to" : "到",
        "username" : "使用者名稱"
      },
      "monitoredFolders" : {
        "actions" : "動作",
        "confirmDelete" : "你確認想要移除此項目？",
        "editItem" : "編輯項目",
        "monitoredFolderPath" : "已監視的資料夾",
        "newItem" : "新項目",
        "noData" : "沒有已監視的資料夾",
        "otherPath" : "其他路徑",
        "saveType" : "覆寫儲存位置",
        "subheader" : "已監視的資料夾"
      },
      "publicSettings" : {
        "appendQBExtension" : "在未完成檔案加上 .!qB 副檔名",
        "preAllocateDisk" : "為所有檔案事先分配硬碟空間"
      },
      "runExternalProgram" : {
        "onAddedEnabled" : "當新增種子時執行外部程式:",
        "onAddedLabel" : "命令",
        "onFinishedEnabled" : "當種子下載結束時執行外部程式:",
        "onFinishedLabel" : "命令",
        "subheader" : "執行外部程式",
        "supportParamC" : "%C: 檔案數",
        "supportParamD" : "%D: 儲存路徑",
        "supportParamF" : "%F: 內容路徑 (與多檔案種子的根路徑相同)",
        "supportParamG" : "%G: 標籤 (以逗號分隔)",
        "supportParamI" : "%I: 資訊雜湊值 v1",
        "supportParamJ" : "%J: 資訊雜湊值 v2",
        "supportParamK" : "%K: 種子 ID",
        "supportParamL" : "%L: 分類",
        "supportParamN" : "%N: 種子名稱",
        "supportParamR" : "%R: 根路徑 (第一個種子的子目錄路徑)",
        "supportParamT" : "%T: 當前的追蹤者",
        "supportParamTitle" : "支援的參數",
        "supportParamZ" : "%Z: 種子大小 (位元組 byte)",
        "tip" : "提示: 把參數以引號包起來以避免被空格切斷 (例如: \"%N\")"
      },
      "saveManagement" : {
        "autoTMMEnabled" : "預設種子管理模式",
        "categoryChangedTMM" : "當分類儲存路徑變更時",
        "defaultSavePath" : "預設儲存路徑",
        "defaultTMMOptions" : {
          "automatic" : "自動",
          "manual" : "手動"
        },
        "exportDir" : "複製 .torrent 檔案到",
        "exportDirFinished" : "複製已完成的 .torrent 檔案到",
        "keepIncomplete" : "保留未完成的種子",
        "paramChangedTMMOptions" : {
          "relocateTorrent" : "重新定位種子",
          "switchToManual" : "切換種子至手動模式"
        },
        "savePathChangedTMM" : "當預設儲存路徑變更時",
        "subheader" : "存檔管理",
        "torrentChangedTMM" : "當種子分類變更時"
      },
      "whenAddTorrent" : {
        "addToTopOfQueue" : "新增至佇列頂部",
        "autoDeleteMode" : "事後移除 .torrent 檔案",
        "doNotAutoStart" : "不要自動開始下載",
        "mergeTrackers" : "如果 torrent 已存在則合併追蹤者",
        "subheader" : "當新增種子時"
      }
    },
    "rss" : {
      "feeds" : {
        "createNew" : "新增訂閱",
        "noFeeds" : "尚無訂閱",
        "refreshAll" : "重新整理全部"
      },
      "general" : {
        "autoDownloader" : {
          "enable" : "啟用 RSS 規則處理",
          "subheader" : "RSS 種子自動下載器"
        },
        "reader" : {
          "enableProcessing" : "啟用抓取 RSS 訂閱",
          "feedsRefreshInterval" : "訂閱源更新區間",
          "maximumArticlesPerFeed" : "每個訂閱源的最大文章數",
          "subheader" : "RSS 閱讀器"
        },
        "smartEpisodeFilter" : {
          "downloadEpisodes" : "下載 REPACK/PROPER 章節",
          "filters" : "過濾器",
          "filtersHint" : "每行一個",
          "subheader" : "RSS 智慧型章節過濾器"
        },
        "useIdForRssLinks" : "在 RSS 文章連結中使用 ID"
      },
      "rules" : {
        "createNew" : "新增規則",
        "noRules" : "尚無規則"
      }
    },
    "saveSuccess" : "設定儲存成功！",
    "speed" : {
      "download" : "下載",
      "scheduler" : {
        "from" : "從",
        "selectButtonLabel" : "選擇時間",
        "subheader" : "預約使用替補速率限制",
        "to" : "到",
        "when" : "何時"
      },
      "settings" : {
        "applyToPeersOnLan" : "套用速率限制至 LAN 上的下載者",
        "applyToTransportOverhead" : "套用速率限制至傳輸負載",
        "applyToUtp" : "套用速率限制至 µTP 協定"
      },
      "subheader" : {
        "alternative" : "替補速率限制",
        "global" : "全域速率限制",
        "settings" : "速率限制設定"
      },
      "tip" : "0 代表無限制",
      "upload" : "上傳"
    },
    "tabs" : {
      "advanced" : "進階",
      "behavior" : "行為",
      "bittorrent" : "BitTorrent",
      "connection" : "連線",
      "downloads" : "下載",
      "rss" : {
        "feeds" : "訂閱源",
        "general" : "一般",
        "rules" : "規則",
        "title" : "RSS"
      },
      "speed" : "速率",
      "tagsAndCategories" : "標籤和分類",
      "vuetorrent" : {
        "general" : "一般",
        "title" : "VueTorrent",
        "torrent_card" : "種子卡片"
      },
      "webui" : "網頁介面"
    },
    "tagsAndCategories" : {
      "categoriesSubheader" : "可用分類:",
      "createNewCategory" : "新增新分類",
      "createNewTag" : "新增新標籤",
      "noCategories" : "尚無分類",
      "noTags" : "尚無標籤",
      "tagsSubheader" : "可用標籤:"
    },
    "title" : "設定",
    "vuetorrent" : {
      "general" : {
        "canvasRefreshThreshold" : "種子分塊閾值以禁用 Canvas 自動更新",
        "canvasRenderThreshold" : "種子分塊閾值以禁用 Canvas 渲染",
        "currentVersion" : "當前版本",
        "customTitle" : "自訂標題",
        "dateFormat" : "日期格式",
        "exportSettings" : "匯出設定",
        "fileContentInterval" : "種子檔案內容更新區間",
        "importSettings" : "匯入設定",
        "isDrawerRight" : "側邊欄居右顯示",
        "isPaginationOnTop" : "分頁欄於頂部顯示",
        "isShutdownButtonVisible" : "顯示結束按鈕",
        "language" : "語言",
        "matchSystemTheme" : "使用系統主題",
        "openSideBarOnStart" : "啟動時顯示側邊欄",
        "paginationSize" : {
          "infinite_scroll" : "無限滾動",
          "label" : "每頁展示數量"
        },
        "qbittorrentVersion" : "QBittorrent 版本",
        "refreshInterval" : "qBittorrent API 更新區間",
        "registerMagnet" : "註冊磁力連結",
        "resetSettings" : "重置設定",
        "showAlltimeStat" : "顯示歷史狀態",
        "showCurrentSpeed" : "顯示當前速率",
        "showFreeSpace" : "顯示剩餘空間",
        "showSessionStat" : "顯示會話狀態",
        "showSpeedGraph" : "顯示速率圖表",
        "showTrackerFilter" : "顯示追蹤者過濾",
        "theme" : "VueTorrent 主題",
        "tip" : "這些設定適用於自訂WebUI",
        "useBinarySize" : "以二進位制取代容量單位 (kB -> KiB)",
        "useBitSpeed" : "以位元取代速率單位 (kB/s -> kbps)",
        "vueTorrentTitle" : "VueTorrent 標題"
      },
      "torrentCard" : {
        "busyTorrentTip" : "忙碌中的種子顯示的屬性",
        "doneTorrentTip" : "已完成的種子顯示的屬性"
      }
    },
    "webUI" : {
      "authentication" : {
        "banDuration" : "封鎖時長",
        "banDurationHint" : "秒",
        "bypassLocalhost" : "跳過本機客戶端的驗證",
        "bypassWhitelist" : "跳過白名單內 IP 子網中客戶端的驗證",
        "maxAttempts" : "最大嘗試次數",
        "password" : "密碼",
        "passwordPlaceholder" : "(不變更)",
        "sessionTimeout" : "會話逾時",
        "sessionTimeoutHint" : "秒",
        "subheader" : "驗證",
        "username" : "使用者名稱",
        "whitelistExamples" : "範例: 192.168.1.0/24, fdff:ffff:c8::/40"
      },
      "customHeaders" : "新增自訂 HTTP 標頭",
      "customHeadersHint" : "每行一個",
      "customHeadersPlaceholder" : "標頭1: 鍵值1\n標頭2: 鍵值2\n...",
      "dynDns" : {
        "domainName" : "網域名稱",
        "password" : "密碼",
        "providers" : {
          "dynDns" : "DynDNS",
          "noIp" : "NO-IP"
        },
        "registerBtn" : "註冊",
        "subheader" : "更新我的動態網域名稱",
        "username" : "使用者名稱"
      },
      "https" : {
        "certificate" : "憑證",
        "key" : "鍵值",
        "subheader" : "使用 HTTPS",
        "tip" : "關於憑證的資訊"
      },
      "interface" : {
        "ipAddress" : "IP 位置",
        "port" : "埠",
        "subheader" : "網頁介面 (遠端控制)",
        "useAlternativeWebUI" : "使用替補 WebUI",
        "useUPnP" : "使用從路由器轉送的 UPnP / NAT-PMP 連接埠"
      },
      "proxiesList" : "受信任的代理伺服器清單",
      "proxiesListHint" : "使用分號分隔 IP ( ; )",
      "reverseProxySupport" : "啟用反向代理支援",
      "security" : {
        "clickjacking" : "啟用點選劫持保護",
        "csrf" : "啟用跨站請求偽造 (CSRF) 保護",
        "hostHeaderValidation" : "啟用主機標頭驗證",
        "hostHeaderValidationHint" : "使用分號分隔 ( ; )",
        "secureCookie" : "啟用 cookie 安全旗標（需要 HTTPS）",
        "serverDomains" : "伺服器網域",
        "subheader" : "安全"
      }
    }
  },
  "toast" : {
    "magnet_handler" : {
      "not_supported" : "當前環境不安全，無法註冊處理器。",
      "registered" : "磁力連結處理器已註冊。"
    }
  },
  "topbar" : {
    "actions" : {
      "delete" : "移除種子",
      "logs" : "開啟日誌",
      "pause" : "暫停種子",
      "resume" : "繼續種子",
      "rssArticles" : "開啟 RSS 文章",
      "searchEngine" : "開啟搜尋引擎",
      "settings" : "開啟設定"
    },
    "addTorrents" : "新增種子",
    "overflow" : {
      "delete" : "移除",
      "logs" : "qBit 日誌",
      "pause" : "暫停",
      "resume" : "繼續",
      "rssArticles" : "RSS 文章",
      "searchEngine" : "搜尋引擎",
      "settings" : "設定"
    },
    "searchTorrents" : "搜尋種子"
  },
  "torrentDetail" : {
    "content" : {
      "fileInfo" : "{n} 個檔案 | {n} 個檔案",
      "folderInfo" : "{n} 個資料夾 | {n} 個資料夾",
      "rootNode" : "(根節點)"
    },
    "info" : {
      "boolean_values" : "布林值",
      "data_values" : "資料值",
      "datetime_values" : "日期時間值",
      "duration_values" : "時長值",
      "long_text_values" : "長文字值",
      "speed_values" : "速率值",
      "text_values" : "文字值"
    },
    "overview" : {
      "canvasRefreshDisabled" : "已禁用 Canvas 自動更新",
      "canvasRenderDisabled" : "已禁用 Canvas 渲染",
      "copy_hash" : "複製雜湊值",
      "dlSpeedAverage" : "平均下載速率",
      "downloaded" : "已下載",
      "fetchingMetadata" : "正在抓取...",
      "fileCount" : "已選擇檔案",
      "pieceCount" : "{owned} / {total} ({pieceSize})",
      "ratio" : "分享率",
      "selectedFileSize" : "選中的檔案大小",
      "uploaded" : "已上傳",
      "upSpeedAverage" : "平均上傳速率",
      "waitingForMetadata" : "正在等待元資料..."
    },
    "peers" : {
      "addPeers" : {
        "newPeers" : "要新增的下載者主機",
        "newPeersHint" : "每行一個",
        "newPeersPlaceholder" : "主機:埠",
        "title" : "新增下載者"
      },
      "emptyList" : "當前無已連接的下載者",
      "table" : {
        "client" : "客戶端",
        "connection" : "連線",
        "downloaded" : "已下載",
        "downloadSpeed" : "下載速率",
        "files" : "檔案",
        "flags" : "旗",
        "host" : "主機",
        "progress" : "進度",
        "relevance" : "關聯",
        "uploaded" : "已上傳",
        "upSpeed" : "上傳速率"
      }
    },
    "tabs" : {
      "content" : "內容",
      "info" : "資訊",
      "overview" : "概覽",
      "peers" : "下載者",
      "tagsAndCategories" : "標籤和分類",
      "trackers" : "追蹤者"
    },
    "tagsAndCategories" : {
      "categories" : "分類",
      "tags" : "標籤"
    },
    "title" : "種子詳情",
    "trackers" : {
      "addTrackers" : {
        "newTrackers" : "要新增的追蹤者連結",
        "newTrackersHint" : "每行一個，使用空行分層",
        "title" : "新增追蹤者"
      },
      "editTracker" : {
        "newUrl" : "新連結",
        "newUrlRequired" : "必須填寫新連結",
        "oldUrl" : "舊連結",
        "title" : "編輯追蹤者"
      },
      "peersValue" : "{peers} 下載者 ({seeds} 種子 /{leeches} 蝗族)",
      "reannounce" : "全部重新發佈",
      "tier" : "層: {n}"
    }
  },
  "torrent" : {
    "properties" : {
      "added_on" : "新增於",
      "amount_left" : "剩餘大小",
      "auto_tmm" : "自動種子管理",
      "availability" : "可得性",
      "available_peers" : "下載者 (群)",
      "available_seeds" : "種子 (群)",
      "avg_download_speed" : "平均下載速率",
      "avg_upload_speed" : "平均上傳速率",
      "category" : "分類",
      "completed_on" : "完成於",
      "content_path" : "內容路徑",
      "downloaded" : "已下載 (全域)",
      "downloaded_session" : "已下載 (會話)",
      "download_limit" : "下載限制",
      "download_path" : "下載路徑",
      "download_speed" : "下載速率",
      "empty_category" : "(無分類)",
      "empty_tags" : "(無標籤)",
      "eta" : "預估剩餘時間",
      "f_l_piece_prio" : "首末塊優先",
      "forced" : "強制狀態",
      "global_speed" : "全域速率",
      "global_volume" : "全域大小",
      "hash" : "雜湊值",
      "infohash_v1" : "資訊雜湊值 v1",
      "infohash_v2" : "資訊雜湊值 v2",
      "last_activity" : "最後活動",
      "magnet" : "磁力連結",
      "name" : "種子標題",
      "num_leechs" : "下載者 (已連線)",
      "num_seeds" : "種子 (已連線)",
      "peers" : "下載者",
      "priority" : "優先級",
      "progress" : "進度",
      "progress_bar" : "進度列",
      "ratio" : "分享率",
      "ratio_limit" : "分享率限制",
      "ratio_time_limit" : "分享時間限制",
      "save_path" : "儲存路徑",
      "seeding_time" : "做種時間",
      "seeds" : "種子",
      "seen_complete" : "最後完整可見",
      "seq_dl" : "順序下載",
      "size" : "大小",
      "state" : "狀態",
      "super_seeding" : "超級做種",
      "tags" : "標籤",
      "time_active" : "經過時間",
      "total_size" : "總大小",
      "tracker" : "追蹤者",
      "trackers_count" : "追蹤者數",
      "uploaded" : "已上傳 (全域)",
      "uploaded_session" : "已上傳 (會話)",
      "upload_limit" : "上傳限制",
      "upload_speed" : "上傳速率"
    },
    "state" : {
      "allocating" : "分配中",
      "checkingDL" : "正在檢查 (未完成)",
      "checkingResumeData" : "正在檢查復原資料",
      "checkingUP" : "正在檢查 (已完成)",
      "downloading" : "下載中",
      "error" : "錯誤",
      "forcedDL" : "[F] 下載中",
      "forcedUP" : "[F] 上傳中",
      "metaDL" : "元資料",
      "missingFiles" : "缺失檔案",
      "moving" : "正在移動",
      "pausedDL" : "暫停",
      "pausedUP" : "已完成",
      "queuedDL" : "排隊中 (下載)",
      "queuedUP" : "排隊中 (上傳)",
      "stalledDL" : "停止",
      "stalledUP" : "做種中",
      "unknown" : "未知",
      "uploading" : "上傳中"
    }
  },
  "units" : {
    "minutes" : "分鐘",
    "seconds" : "秒"
  }
}