{
  "common" : {
    "cancel" : "取消",
    "close" : "关闭",
    "delete" : "删除",
    "disable" : "禁用",
    "emptyList" : "当前无内容显示",
    "NA" : "不适用",
    "no" : "否",
    "none" : "(无)",
    "ok" : "确定",
    "save" : "保存",
    "selectAll" : "全选",
    "selectNone" : "取消选择",
    "useGlobalSettings" : "使用全局设置",
    "yes" : "是"
  },
  "constants" : {
    "addPaused" : {
      "always" : "总是",
      "never" : "从不",
      "title" : "添加时暂停"
    },
    "bittorrentProtocols" : {
      "tcp" : "TCP",
      "tcp_utp" : "TCP 和 μTP",
      "utp" : "μTP"
    },
    "connectionStatus" : {
      "connected" : "已连接",
      "disconnected" : "未连接",
      "firewalled" : "防火墙限制",
      "unknown" : "未知"
    },
    "contentLayout" : {
      "nosubfolder" : "移除子文件夹",
      "original" : "原始格式",
      "subfolder" : "创建子文件夹",
      "title" : "种子内容布局"
    },
    "diskIoMode" : {
      "disableOsCache" : "禁用系统缓存",
      "enableOsCache" : "启用系统缓存",
      "writeThrough" : "同步写入模式 (libtorrent >= 2.0.6)"
    },
    "diskIoType" : {
      "default" : "默认",
      "memoryMappedFiles" : "文件映射",
      "posixCompliant" : "POSIX 兼容"
    },
    "encryption" : {
      "forceOff" : "禁用加密",
      "forceOn" : "强制加密",
      "preferEncryption" : "允许加密"
    },
    "file_log_age_type" : {
      "days" : "天",
      "months" : "月",
      "years" : "年"
    },
    "file_priority" : {
      "high" : "高",
      "max" : "最高",
      "normal" : "正常",
      "unwanted" : "不需要"
    },
    "maxRatioAction" : {
      "pauseTorrent" : "暂停种子",
      "removeTorrent" : "移除种子",
      "removeTorrentAndFiles" : "移除种子及其文件",
      "torrentSuperseeding" : "启用超级做种模式"
    },
    "monitoredFolderSaveLocation" : {
      "defaultSavePath" : "默认保存路径",
      "monitoredFolder" : "监控文件夹位置",
      "other" : "其他"
    },
    "proxy_type" : {
      "http" : "HTTP",
      "socks4" : "SOCKS V4",
      "socks5" : "SOCKS V5"
    },
    "scheduler" : {
      "everyDay" : "每天",
      "everyFriday" : "周五",
      "everyMonday" : "周一",
      "everySaturday" : "周六",
      "everySunday" : "周日",
      "everyThursday" : "周四",
      "everyTuesday" : "周二",
      "everyWednesday" : "周三",
      "everyWeekday" : "工作日",
      "everyWeekend" : "周末"
    },
    "stopCondition" : {
      "filesChecked" : "文件校验完成",
      "metadataReceived" : "元数据接收完成",
      "none" : "无",
      "title" : "种子停止条件"
    },
    "theme" : {
      "auto" : "跟随系统主题",
      "dark" : "深色主题",
      "light" : "浅色主题"
    },
    "titleOptions" : {
      "custom" : "自定义",
      "default" : "默认",
      "first_torrent_speed" : "首个种子速度",
      "global_speed" : "全局速度"
    },
    "trackerStatus" : {
      "disabled" : "已禁用",
      "not_working" : "未工作",
      "not_yet_contacted" : "未连接",
      "updating" : "正在更新",
      "working" : "正常工作"
    },
    "uploadChokingAlgorithm" : {
      "antiLeech" : "反吸血",
      "fastestUpload" : "最快上传",
      "roundRobin" : "轮流上传"
    },
    "uploadSlotsBehavior" : {
      "fixedSlots" : "固定窗口数",
      "uploadRateBased" : "最快上传"
    },
    "utpTcpMixedMode" : {
      "peerProportional" : "按用户比重 (抑制TCP)",
      "preferTcp" : "优先使用 TCP"
    }
  },
  "dashboard" : {
    "displayMode" : {
      "grid" : "网格",
      "list" : "列表",
      "table" : "表格",
      "title" : "显示模式"
    },
    "not_complete" : "从未完整可见",
    "right_click" : {
      "advanced" : {
        "auto_tmm" : "自动种子管理",
        "download_path" : "设置下载路径",
        "f_l_prio" : "首/尾优先级",
        "reannounce" : "强制重新汇报",
        "recheck" : "强制重新校验",
        "rename" : "重命名种子",
        "save_path" : "设置保存路径",
        "seq_dl" : "顺序下载",
        "title" : "高级"
      },
      "category" : {
        "clear" : "(清除分类)",
        "disabled_title" : "无分类",
        "title" : "设置分类"
      },
      "copy" : {
        "hash" : "哈希值",
        "magnet" : "磁力链接",
        "name" : "名称",
        "title" : "复制"
      },
      "export" : "导出种子 | 导出种子",
      "info" : "显示信息",
      "priority" : {
        "bottom" : "最低优先级",
        "decrease" : "降低优先级",
        "increase" : "提高优先级",
        "title" : "设置优先级",
        "top" : "最高优先级"
      },
      "speed_limit" : {
        "download" : "下载限速",
        "share" : "分享率限制",
        "title" : "种子限制设置",
        "upload" : "上传限速"
      },
      "tags" : {
        "disabled_title" : "无标签",
        "title" : "设置标签"
      }
    },
    "searchInputLabel" : "搜索",
    "selectAll" : "(取消)全选 (Ctrl + A)",
    "selectedTorrentsCount" : "无种子 | {count} / {total} 个种子 ({size}) | {count} / {total} 个种子 ({size})",
    "sortBy" : {
      "added_on" : "添加时间",
      "amount_left" : "剩余大小",
      "auto_tmm" : "自动种子管理",
      "availability" : "可用性",
      "avg_download_speed" : "平均下载速度",
      "avg_upload_speed" : "平均上传速度",
      "category" : "分类",
      "completed" : "完成度",
      "completion_on" : "完成时间",
      "content_path" : "内容路径",
      "default" : "默认",
      "dl_limit" : "下载限速",
      "dlspeed" : "下载速度",
      "downloaded" : "已下载 (全局)",
      "downloaded_session" : "已下载 (本次会话)",
      "download_path" : "下载路径",
      "eta" : "剩余时间",
      "f_l_piece_prio" : "首/尾块优先级",
      "force_start" : "强制开始",
      "globalSpeed" : "全局速度",
      "globalVolume" : "全局容量",
      "hash" : "哈希值",
      "infohash_v1" : "哈希值 v1",
      "infohash_v2" : "哈希值 v2",
      "last_activity" : "最后活动时间",
      "magnet_uri" : "磁力链接",
      "max_ratio" : "最大分享率",
      "max_seeding_time" : "最大做种时长",
      "name" : "名称",
      "num_complete" : "做种者 (群组)",
      "num_incomplete" : "用户 (群组)",
      "num_leechs" : "用户 (连接中)",
      "num_seeds" : "做种者 (连接中)",
      "priority" : "优先级",
      "progress" : "进度",
      "ratio" : "分享率",
      "ratio_limit" : "分享率限制",
      "save_path" : "保存路径",
      "seeding_time" : "做种时长",
      "seeding_time_limit" : "全部做种时长限制",
      "seen_complete" : "最后完整可见",
      "seq_dl" : "顺序下载",
      "size" : "大小",
      "state" : "状态",
      "super_seeding" : "超级做种",
      "tags" : "标签",
      "time_active" : "活动时间",
      "total_size" : "总大小",
      "tracker" : "Tracker",
      "trackers_count" : "Tracker 数量",
      "up_limit" : "上传限速",
      "uploaded" : "已上传 (全局)",
      "uploaded_session" : "已上传 (本次会话)",
      "upspeed" : "上传速度"
    },
    "sortLabel" : "排序方式",
    "toggleSearchFilter" : "搜索种子",
    "toggleSelectMode" : "切换复选框",
    "toggleSortOrder" : "切换排序",
    "torrentsCount" : "无种子 | {n} 个种子 | {n} 个种子"
  },
  "dialogs" : {
    "add" : {
      "addToTopOfQueue" : "添加到队列首位",
      "autoTMM" : "自动种子管理",
      "category" : "分类",
      "cookie" : "Cookie",
      "cookiePlaceholder" : "name1=value1; name2=value2; ...",
      "dlLimit" : "下载速度限制",
      "downloadPath" : "下载路径",
      "dropLabel" : "将种子文件和链接拖到此处",
      "error" : "添加种子时出错",
      "fileOverflow" : "+{n} 个",
      "files" : "选择(多个)文件",
      "firstLastPiecePrio" : "优先下载首尾块",
      "inactiveSeedingTimeLimit" : "不活跃做种时长限制",
      "limitCollapse" : "种子限制设置",
      "limitHint" : "填写 \"-1\"表示禁用，\"-2\"或留空为使用全局限制",
      "links" : "链接 (磁力, http, 文件链接等)",
      "noCategories" : "还没有分类。输入名称创建一个。",
      "noCategoryMatch" : "没有匹配 \"{query}\" 的分类。将自动创建。",
      "noTagMatch" : "没有匹配 \"{query}\" 的标签。按 Enter 键创建。",
      "noTags" : "还没有标签。输入名称创建一个。",
      "pending" : "正在上传...",
      "ratioLimit" : "分享率限制",
      "rename" : "重命名种子文件",
      "resetForm" : "重置为默认",
      "savePath" : "保存路径",
      "seedingTimeLimit" : "全部做种时长限制",
      "sequentialDownload" : "顺序下载",
      "skipChecking" : "跳过哈希校验",
      "startNow" : "立即开始下载",
      "submit" : "添加种子",
      "success" : "{n} 个种子已添加 | {n} 个种子已添加",
      "tags" : "标签",
      "title" : "添加种子",
      "upLimit" : "上传速度限制"
    },
    "category" : {
      "name" : "分类名称",
      "nameRequired" : "分类名称不能为空",
      "oldName" : "旧分类名称",
      "savePath" : "保存路径",
      "title" : {
        "create" : "创建分类",
        "edit" : "编辑分类"
      },
      "warnEdit" : "编辑分类名称将会将种子迁移到新分类。\n可能会出现错误，请谨慎使用。"
    },
    "connectionStatus" : {
      "dht_nodes" : "DHT 节点",
      "externalIp" : "外部 IP 地址",
      "status" : "连接状态",
      "total_peer_connections" : "活跃的对等点连接"
    },
    "delete" : {
      "deleteWithFiles" : "删除种子及其文件",
      "title" : "删除 {n} 个种子 | 删除 {n} 个种子",
      "warnDelete" : "勾选此复选框将删除这些种子中包含的所有内容"
    },
    "moveTorrent" : {
      "dl" : {
        "title" : "更改下载路径"
      },
      "newPath" : "新路径",
      "oldPath" : "旧路径",
      "required" : "新路径不能为空",
      "samePath" : "新路径必须与旧路径不同",
      "save" : {
        "title" : "更改保存路径"
      }
    },
    "moveTorrentFile" : {
      "oldName" : "旧名称",
      "title" : "移动种子文件 | 移动种子文件夹"
    },
    "pluginManager" : {
      "headers" : {
        "actions" : "操作",
        "enabled" : "已启用",
        "name" : "名称",
        "url" : "引擎 URL",
        "version" : "版本"
      },
      "install" : {
        "activator" : "安装新插件",
        "label" : "插件 URL",
        "title" : "安装插件"
      },
      "title" : "插件管理器",
      "update" : "更新插件"
    },
    "renameTorrent" : {
      "newName" : "新名称",
      "oldName" : "旧名称",
      "required" : "新名称不能为空",
      "sameName" : "新名称必须与旧名称不同",
      "title" : "重命名种子"
    },
    "rss" : {
      "feed" : {
        "name" : "名称",
        "title" : {
          "create" : "创建 RSS 订阅源",
          "edit" : "编辑 RSS 订阅源"
        },
        "url" : "URL"
      },
      "rule" : {
        "addPaused" : "添加时暂停",
        "affectedFeedsSubheader" : "受影响的订阅源",
        "assignedCategory" : "分配的分类",
        "episodeFilter" : "剧集过滤器",
        "episodeFilterPlaceholder" : "例如: S01E02-S01E05",
        "ignoreDays" : "忽略在过去 {days} 天内发布的内容",
        "ignoreDaysHint" : "0 表示禁用",
        "lastMatch" : {
          "knownValue" : "今天 | {n} 天前 | {n} 天前",
          "label" : "上次匹配",
          "unknownValue" : "未知"
        },
        "matchingArticles" : {
          "noMatch" : "没有匹配的文章",
          "title" : "匹配的文章"
        },
        "mustContain" : "必须包含",
        "mustNotContain" : "不能包含",
        "name" : "名称",
        "savePath" : "保存路径",
        "savePathPlaceholder" : "留空使用默认保存路径",
        "smartFilter" : "使用智能剧集过滤器",
        "title" : {
          "create" : "创建 RSS 规则",
          "edit" : "编辑 RSS 规则"
        },
        "useRegex" : "使用正则表达式"
      }
    },
    "share_limit" : {
      "disabled" : "不设置分享率限制",
      "enabled" : "将分享率限制设置为",
      "global" : "使用全局分享率限制",
      "inactive_seeding_time_limit" : "不活跃做种时长 (分钟)",
      "ratio_limit" : "分享率",
      "seeding_time_limit" : "全部做种时长 (分钟)",
      "title" : "设置分享率限制"
    },
    "shutdown" : {
      "content" : "您确定要关闭 qBittorrent 吗？",
      "error" : "无法关闭应用程序。请确保 qBittorrent 正在运行！",
      "success" : "qBittorrent 已成功关闭！",
      "title" : "关闭 qBittorrent"
    },
    "speed_limit" : {
      "download" : "下载限速",
      "label" : "速度限制",
      "upload" : "上传限速"
    },
    "tag" : {
      "comma" : "重命名标签时名称不能包含逗号",
      "hint" : "专业提示：多个标签可以用逗号分隔创建",
      "name" : "标签名称",
      "oldName" : "旧标签名称",
      "required" : "标签名称不能为空",
      "title" : {
        "create" : "创建标签",
        "rename" : "重命名标签"
      },
      "warnEdit" : "编辑标签名称将会将种子迁移到新标签。\n可能会出现错误，请谨慎使用。"
    }
  },
  "login" : {
    "error" : "登录失败！",
    "password" : "密码",
    "rules" : {
      "password_required" : "密码不能为空",
      "username_required" : "用户名不能为空"
    },
    "submit" : "登录",
    "subtitle" : "输入您的凭据",
    "success" : "登录成功！",
    "title" : "登录",
    "username" : "用户名"
  },
  "logs" : {
    "emptyLogList" : "未找到日志",
    "filters" : {
      "type" : "日志级别"
    },
    "title" : "qBittorrent 日志"
  },
  "navbar" : {
    "addPanel" : {
      "torrentsPendingCount" : "{n} 个种子等待上传 | {n} 个种子等待上传"
    },
    "side" : {
      "bottom_actions" : {
        "alt_speed" : "切换备用速度",
        "conn_status" : "连接状态：{status}",
        "dark_mode" : "切换到浅色模式 | 切换到深色模式",
        "logout" : "注销",
        "shutdown" : "关闭 qBittorrent"
      },
      "current_speed" : {
        "title" : "当前速度"
      },
      "filters" : {
        "activeFilter" : "已激活 {n} 个过滤器",
        "category" : "分类过滤器",
        "disabled" : "(已禁用)",
        "state" : "状态过滤器",
        "tag" : "标签过滤器",
        "tracker" : "Tracker 过滤器",
        "uncategorized" : "(未分类)",
        "untagged" : "(无标签)",
        "untracked" : "(未跟踪)"
      },
      "speed_graph" : {
        "download_label" : "下载",
        "relative_time" : "现在 | {n} 秒前 | {n} 秒前",
        "upload_label" : "上传"
      },
      "stats" : {
        "alltime" : {
          "title" : "全局统计数据"
        },
        "downloaded" : "已下载",
        "free_space" : "剩余空间",
        "ratio" : "分享率",
        "session" : {
          "title" : "本次会话统计"
        },
        "uploaded" : "已上传"
      }
    },
    "top" : {
      "active_filters" : {
        "category" : "分类过滤器：{value}",
        "menu_label" : "已激活过滤器：{n} | 已激活过滤器：{n}",
        "multiple_category" : "分类过滤器: {n} 个类别",
        "multiple_state" : "状态过滤器: {n} 个状态",
        "multiple_tag" : "标签过滤器: {n} 个标签",
        "multiple_tracker" : "Tracker 过滤器: {n} Trackers",
        "state" : "状态过滤器: {value}",
        "tag" : "标签过滤器：{value}",
        "text" : "文本过滤器：{value}",
        "tracker" : "Tracker 过滤器：{value}"
      }
    }
  },
  "rssArticles" : {
    "filters" : {
      "title" : "按标题过滤",
      "unread" : "仅显示未读文章"
    },
    "item" : {
      "author" : "作者：{author}",
      "category" : "分类：{category}",
      "feedName" : "订阅源名称：{name}"
    },
    "markAllAsRead" : "全部标记为已读",
    "title" : "RSS 资讯"
  },
  "searchEngine" : {
    "filters" : {
      "category" : {
        "all" : "全部",
        "anime" : "动漫",
        "books" : "图书",
        "games" : "游戏",
        "label" : "搜索分类",
        "movies" : "电影",
        "music" : "音乐",
        "pictures" : "图片",
        "software" : "软件",
        "tv" : "电视剧"
      },
      "plugins" : {
        "all" : "全部",
        "enabled" : "已启用",
        "label" : "搜索插件"
      },
      "title" : {
        "label" : "按标题过滤"
      }
    },
    "headers" : {
      "fileName" : "文件名",
      "fileSize" : "文件大小",
      "nbLeechers" : "下载数",
      "nbSeeders" : "做种数",
      "siteUrl" : "站点链接"
    },
    "query" : "搜索关键词",
    "runSearch" : "搜索",
    "stopSearch" : "停止",
    "tabHeaderEmpty" : "(空查询)",
    "title" : "搜索种子"
  },
  "settings" : {
    "advanced" : {
      "libtorrent" : {
        "announceAllTiers" : "总是向所有等级的 Tracker 汇报",
        "announceAllTrackers" : "总是向同级的所有 Tracker 汇报",
        "announceIP" : "向 Tracker 报告的 IP 地址 (需要重启)",
        "coalesceReadsWrites" : "合并读写 (libtorrent < 2.0)",
        "disk" : {
          "diskCache" : "磁盘缓存 (libtorrent < 2.0)",
          "diskCacheExpiry" : "磁盘缓存过期时间间隔 (libtorrent < 2.0)",
          "diskIoReadMode" : "磁盘 IO 读取模式",
          "diskIoType" : "磁盘 IO 类型 (libtorrent >= 2.0; 需要重启)",
          "diskIoWriteMode" : "磁盘 IO 写入模式",
          "diskQueueSize" : "磁盘队列大小",
          "subheader" : "磁盘"
        },
        "maxConcurrentHTTPAnnounces" : "最大并行 HTTP 发布数",
        "networking" : {
          "outgoingPortsMax" : "传出端口 (上限) [0：禁用]",
          "outgoingPortsMin" : "传出端口 (下限) [0：禁用]",
          "peerTos" : "与 peers 连接的服务类型 (ToS)",
          "subheader" : "网络",
          "upnpLeaseDuration" : "UPnP 租期 [0：永久]",
          "utpTcpMixedModeAlgorithm" : "μTP-TCP 混合模式策略"
        },
        "outgoingConnectionsPerSecond" : "每秒传出连接数",
        "peerTurnover" : "Peer 进出断开百分比",
        "peerTurnoverCutoff" : "Peer 进出阈值百分比",
        "peerTurnoverInterval" : "Peer 进出断开间隔",
        "pieceExtentAffinity" : "启用相连文件块下载模式",
        "requestQueueSize" : "单一 Peer 的最大未完成请求",
        "security" : {
          "allowMultipleConnectionsFromTheSameIPAddress" : "允许来自同一 IP 地址的多个连接",
          "blockPeersOnPrivilegedPorts" : "禁止连接到特权端口上的 Peer",
          "idnSupport" : "启用国际化域名 (IDN) 支持",
          "mitigateSSRF" : "服务器端请求伪造 (SSRF) 缓解",
          "subheader" : "安全",
          "validateHTTPSTrackerCertificate" : "验证 HTTPS Tracker 证书"
        },
        "sendBufferLowWatermark" : "发送缓冲区下限",
        "sendBufferWatermark" : "发送缓冲区上限",
        "sendBufferWatermarkFactor" : "发送缓冲区增长系数",
        "sendUploadPieceSuggestions" : "发送分块上传建议",
        "socketBacklogSize" : "Socket backlog 大小",
        "socketReceiveBufferSize" : "Socket接收缓冲区大小",
        "socketReceiveBufferSizeHint" : "0：系统默认",
        "socketSendBufferSize" : "Socket发送缓冲区大小",
        "socketSendBufferSizeHint" : "0：系统默认",
        "stopTrackerTimeout" : "Tracker 停止超时",
        "subheader" : "libtorrent 相关",
        "threads" : {
          "asyncIoThreads" : "异步 I/O 线程",
          "bdecodeDepthLimit" : "Bdecode 深度限制",
          "bdecodeTokenLimit" : "Bdecode 令牌限制",
          "filePoolSize" : "文件池大小",
          "hashingThreads" : "散列线程 (libtorrent >= 2.0)",
          "outstandingMemory" : "校验时内存使用扩增量",
          "subheader" : "线程"
        },
        "uploadChokingAlgorithm" : "上传连接策略",
        "uploadSlotsBehavior" : "上传窗口策略"
      },
      "openDoc" : "打开文档",
      "qbittorrent" : {
        "allocatedRam" : "物理内存 (RAM) 使用限制 (libtorrent >= 2.0)",
        "embeddedTracker" : {
          "enable" : "启用内置 Tracker",
          "port" : "内置 Tracker 端口",
          "portForward" : "对内置 Tracker 启用端口转发",
          "title" : "内置 Tracker"
        },
        "networking" : {
          "ipAddress" : {
            "all" : "所有地址",
            "allIPv4" : "所有 IPv4 地址",
            "allIPv6" : "所有 IPv6 地址",
            "label" : "绑定的可选 IP 地址"
          },
          "networkInterfaces" : {
            "any" : "任意接口",
            "label" : "网络接口"
          },
          "title" : "网络"
        },
        "reannounceOnIpPortChanged" : "当 IP 或端口更改时，重新通知所有 trackers",
        "recheckOnCompletion" : "完成后重新校验 Torrent",
        "refreshInterval" : "刷新间隔",
        "resolveCountries" : "解析用户所在国家",
        "resumeDataStorageType" : {
          "label" : "恢复数据存储类型 (需重新启动)",
          "legacy" : "快速恢复文件",
          "sqlite" : "SQLite 数据库 (试验性)"
        },
        "saveInterval" : "保存恢复数据间隔",
        "subheader" : "qBittorrent 部分",
        "torrentFileSizeLimit" : ".torrent 文件大小限制"
      }
    },
    "behavior" : {
      "logs" : {
        "file_log_age" : "删除早于以下时间的日志备份",
        "file_log_backup_enabled" : "启用日志备份",
        "file_log_delete_old" : "删除旧日志备份",
        "file_log_enabled" : "启用日志文件",
        "file_log_max_size" : "当文件大小达到以下值触发备份",
        "file_log_path" : "保存路径",
        "subheader" : "日志管理"
      },
      "performance_warning" : "记录性能警告"
    },
    "bittorrent" : {
      "autoAddTrackers" : "自动将这些 Tracker 添加到新下载",
      "autoAddTrackersHint" : "每行一个 Tracker",
      "maxActiveCheckingTorrents" : "最大活动检查种子数",
      "privacy" : {
        "enableAnonymous" : "启用匿名模式",
        "enableDHT" : "启用 DHT (去中心化网络) 以找到更多用户",
        "enableLPD" : "启用本地用户发现以找到更多用户",
        "enablePeX" : "启用用户交换 (PeX) 以找到更多用户",
        "encryptionMode" : "加密模式",
        "moreInfo" : "更多信息",
        "subheader" : "隐私"
      },
      "seedLimits" : {
        "subheader" : "种子限制设置",
        "then" : "随后",
        "whenInactiveSeedingTimeReaches" : "当非活跃做种时长达到",
        "whenRatioReaches" : "当分享率达到",
        "whenSeedingTimeReaches" : "当全部做种时长达到"
      },
      "torrentQueueing" : {
        "downloadRateLimit" : "下载速率阈值",
        "excludeSlowTorrent" : "在这些限制中不计算慢速种子",
        "maxActiveDownload" : "最大活动下载数",
        "maxActiveTorrent" : "最大活动种子数",
        "maxActiveUpload" : "最大活动上传数",
        "subheader" : "种子排队",
        "torrentInactivityTimer" : "种子不活动计时器",
        "uploadRateLimit" : "上传速率阈值"
      }
    },
    "connection" : {
      "connectionLimits" : {
        "globalMaxConnection" : "全局最大连接数",
        "globalMaxUploadSlots" : "全局最大上传数",
        "perTorrentMaxConnection" : "每个种子的最大连接数",
        "perTorrentMaxUploadSlots" : "单个种子最大上传数",
        "subheader" : "连接限制"
      },
      "ipFiltering" : {
        "applyToTrackers" : "应用于 Tracker",
        "bannedIps" : "手动禁止的 IP 地址",
        "bannedIpsHint" : "每行一个过滤器",
        "filterPath" : "过滤器路径 (.dat、.p2p、.p2b)",
        "subheader" : "IP 过滤"
      },
      "listeningPort" : {
        "incomingConnectionPort" : "用于传入连接的端口",
        "randomPort" : "随机端口",
        "subheader" : "监听端口",
        "useUPnP" : "使用 UPnP / NAT-PMP 端口转发"
      },
      "protocol" : "对等连接协议",
      "proxy" : {
        "auth" : {
          "password" : "密码",
          "subtitle" : "身份验证",
          "tip" : "注意：密码将以未加密形式保存",
          "username" : "用户名"
        },
        "bittorrent" : "为BitTorrent进程启用代理",
        "host" : "主机",
        "hostNameLookup" : "为主机名查找启用代理",
        "misc" : "为常规进程启用代理 (如更新, 搜索)",
        "peerConnections" : "为用户对等连接启用代理",
        "port" : "端口",
        "rss" : "为RSS订阅启用代理",
        "subheader" : "代理服务器"
      }
    },
    "downloads" : {
      "excludedFileNames" : {
        "hint" : "每行一个过滤器",
        "label" : "排除的文件名"
      },
      "mailNotification" : {
        "authEnabled" : "身份验证",
        "enabled" : "下载完成后发送电子邮件通知",
        "from" : "发件人",
        "password" : "密码",
        "smtpServer" : "SMTP 服务器",
        "sslEnabled" : "此服务器需要安全连接 (SSL)",
        "to" : "收件人",
        "username" : "用户名"
      },
      "monitoredFolders" : {
        "actions" : "操作",
        "confirmDelete" : "确定要删除此项目吗？",
        "editItem" : "编辑项目",
        "monitoredFolderPath" : "监视文件夹",
        "newItem" : "新项目",
        "noData" : "尚未监视文件夹",
        "otherPath" : "其他路径",
        "saveType" : "覆盖保存位置",
        "subheader" : "监视文件夹"
      },
      "publicSettings" : {
        "appendQBExtension" : "未完成的文件后缀名添加 .!qB",
        "preAllocateDisk" : "为所有文件预分配磁盘空间"
      },
      "runExternalProgram" : {
        "onAddedEnabled" : "添加种子时运行外部程序：",
        "onAddedLabel" : "命令",
        "onFinishedEnabled" : "种子下载完成时运行外部程序：",
        "onFinishedLabel" : "命令",
        "subheader" : "运行外部程序",
        "supportParamC" : "%C：文件数",
        "supportParamD" : "%D：保存路径",
        "supportParamF" : "%F：内容路径 (多文件种子的根路径相同)",
        "supportParamG" : "%G：标签 (用逗号分隔)",
        "supportParamI" : "%I：哈希值 v1",
        "supportParamJ" : "%J：哈希值 v2",
        "supportParamK" : "%K：种子 ID",
        "supportParamL" : "%L：分类",
        "supportParamN" : "%N：种子名称",
        "supportParamR" : "%R：根路径 (第一个种子子目录路径)",
        "supportParamT" : "%T：当前 Tracker",
        "supportParamTitle" : "支持的参数 (区分大小写)：",
        "supportParamZ" : "%Z：种子大小 (字节)",
        "tip" : "提示：使用引号将参数封装起来，以避免文本在空格处被截断 (例如，\"%N\")"
      },
      "saveManagement" : {
        "autoTMMEnabled" : "默认种子管理模式",
        "categoryChangedTMM" : "分类保存路径更改时",
        "defaultSavePath" : "默认保存路径",
        "defaultTMMOptions" : {
          "automatic" : "自动",
          "manual" : "手动"
        },
        "exportDir" : "将 .torrent 文件复制到",
        "exportDirFinished" : "将已完成下载的 .torrent 文件复制到",
        "keepIncomplete" : "保留未完成的种子",
        "paramChangedTMMOptions" : {
          "relocateTorrent" : "重新定位种子",
          "switchToManual" : "将种子切换到手动模式"
        },
        "savePathChangedTMM" : "默认保存路径更改时",
        "subheader" : "保存管理",
        "torrentChangedTMM" : "种子分类更改时"
      },
      "whenAddTorrent" : {
        "addToTopOfQueue" : "添加到队列首位",
        "autoDeleteMode" : "下载完成后删除 .torrent 文件",
        "doNotAutoStart" : "不自动开始下载",
        "mergeTrackers" : "如果种子已存在，则合并Tracker",
        "subheader" : "添加种子时"
      }
    },
    "rss" : {
      "feeds" : {
        "createNew" : "添加订阅源",
        "noFeeds" : "尚未添加订阅源",
        "refreshAll" : "全部刷新"
      },
      "general" : {
        "autoDownloader" : {
          "enable" : "启用 RSS 规则处理",
          "subheader" : "RSS 种子自动下载器"
        },
        "reader" : {
          "enableProcessing" : "启用获取 RSS 订阅",
          "feedsRefreshInterval" : "订阅源刷新间隔",
          "maximumArticlesPerFeed" : "每个订阅源的最大文章数",
          "subheader" : "RSS 阅读器"
        },
        "smartEpisodeFilter" : {
          "downloadEpisodes" : "下载 REPACK/PROPER 剧集",
          "filters" : "过滤器",
          "filtersHint" : "每行一个过滤器",
          "subheader" : "RSS 智能剧集过滤器"
        },
        "useIdForRssLinks" : "在 RSS 文章链接中使用 ID"
      },
      "rules" : {
        "createNew" : "创建规则",
        "noRules" : "尚未创建规则"
      }
    },
    "saveSuccess" : "设置已成功保存！",
    "speed" : {
      "download" : "下载",
      "scheduler" : {
        "from" : "开始时间",
        "selectButtonLabel" : "选择时间",
        "subheader" : "定时使用备用速率限制",
        "to" : "结束时间",
        "when" : "何时"
      },
      "settings" : {
        "applyToPeersOnLan" : "将速率限制应用于本地网络上的用户",
        "applyToTransportOverhead" : "将速率限制应用于传输总开销",
        "applyToUtp" : "将速率限制应用于 µTP 协议"
      },
      "subheader" : {
        "alternative" : "备用速率限制",
        "global" : "全局速率限制",
        "settings" : "速率限制设置"
      },
      "tip" : "0 表示无限制",
      "upload" : "上传"
    },
    "tabs" : {
      "advanced" : "高级",
      "behavior" : "行为",
      "bittorrent" : "BitTorrent",
      "connection" : "连接",
      "downloads" : "下载",
      "rss" : {
        "feeds" : "订阅源",
        "general" : "常规设置",
        "rules" : "规则",
        "title" : "RSS"
      },
      "speed" : "速度",
      "tagsAndCategories" : "标签和分类",
      "vuetorrent" : {
        "general" : "常规设置",
        "title" : "VueTorrent"
      },
      "webui" : "WebUI"
    },
    "tagsAndCategories" : {
      "categoriesSubheader" : "可用分类：",
      "createNewCategory" : "创建新分类",
      "createNewTag" : "创建新标签",
      "noCategories" : "尚未添加分类",
      "noTags" : "尚未添加标签",
      "tagsSubheader" : "可用标签："
    },
    "title" : "设置",
    "vuetorrent" : {
      "general" : {
        "canvasRefreshThreshold" : "禁用图形自动刷新的块数",
        "canvasRenderThreshold" : "禁用图形渲染的块数",
        "currentVersion" : "当前版本",
        "customTitle" : "自定义标题",
        "dateFormat" : "日期格式",
        "exportSettings" : "导出设置",
        "fileContentInterval" : "种子文件内容刷新间隔",
        "historySize" : "符合条件字段的历史大小",
        "importSettings" : "导入设置",
        "isDrawerRight" : "侧边栏居右显示",
        "isPaginationOnTop" : "置顶分页按钮",
        "isShutdownButtonVisible" : "显示关闭按钮",
        "language" : "语言",
        "matchSystemTheme" : "使用系统主题",
        "openSideBarOnStart" : "启动时打开侧边栏",
        "paginationSize" : {
          "infinite_scroll" : "无限滚动",
          "label" : "分页大小"
        },
        "qbittorrentVersion" : "QBittorrent 版本",
        "refreshInterval" : "qBittorrent API 刷新间隔",
        "registerMagnet" : "注册为磁力链程序",
        "resetSettings" : "重置设置",
        "showAlltimeStat" : "显示全局统计数据",
        "showCurrentSpeed" : "显示当前速度",
        "showFreeSpace" : "显示剩余空间",
        "showSessionStat" : "显示本次会话统计",
        "showSpeedGraph" : "显示速度图表",
        "showTrackerFilter" : "显示 Tracker 过滤器",
        "theme" : "VueTorrent 主题",
        "tip" : "这些设置是为自定义 WebUI 设计的",
        "useBinarySize" : "使用二进制计算数据占用 (kB -> KiB)",
        "useBitSpeed" : "以kbps表示速度 (kB/s -> kbps)",
        "vueTorrentTitle" : "VueTorrent 标题"
      }
    },
    "webUI" : {
      "authentication" : {
        "banDuration" : "封禁持续时间",
        "banDurationHint" : "以秒为单位",
        "bypassLocalhost" : "对本地主机上的客户端跳过身份验证",
        "bypassWhitelist" : "对 IP 子网白名单中的客户端跳过身份验证",
        "maxAttempts" : "最大尝试次数",
        "password" : "密码",
        "passwordPlaceholder" : "(不更改)",
        "sessionTimeout" : "会话超时",
        "sessionTimeoutHint" : "以秒为单位",
        "subheader" : "身份验证",
        "username" : "用户名",
        "whitelistExamples" : "示例：192.168.1.0/24，fdff:ffff:c8::/40"
      },
      "customHeaders" : "添加自定义 HTTP 标头",
      "customHeadersHint" : "每行一个",
      "customHeadersPlaceholder" : "Header1: value1\nHeader2: value2\n...",
      "dynDns" : {
        "domainName" : "域名",
        "password" : "密码",
        "providers" : {
          "dynDns" : "DynDNS",
          "noIp" : "NO-IP"
        },
        "registerBtn" : "注册",
        "subheader" : "更新我的动态域名",
        "username" : "用户名"
      },
      "https" : {
        "certificate" : "证书",
        "key" : "密钥",
        "subheader" : "使用 HTTPS",
        "tip" : "有关证书的信息"
      },
      "interface" : {
        "ipAddress" : "IP 地址",
        "port" : "端口",
        "subheader" : "Web 用户界面 (远程控制)",
        "useAlternativeWebUI" : "使用备用 WebUI",
        "useUPnP" : "使用 UPnP / NAT-PMP 端口转发"
      },
      "proxiesList" : "受信任的代理服务器列表",
      "proxiesListHint" : "使用分号 ( ; ) 分隔 IP",
      "reverseProxySupport" : "启用反向代理支持",
      "security" : {
        "clickjacking" : "启用点击劫持保护",
        "csrf" : "启用跨站点请求伪造 (CSRF) 保护",
        "hostHeaderValidation" : "启用主机头验证",
        "hostHeaderValidationHint" : "使用分号 ( ; ) 分隔",
        "secureCookie" : "启用 cookie 安全标志 (需要 HTTPS)",
        "serverDomains" : "服务器域名",
        "subheader" : "安全"
      }
    }
  },
  "toast" : {
    "magnet_handler" : {
      "not_supported" : "当前上下文不安全。无法注册处理程序。",
      "registered" : "磁力链处理程序已注册。"
    }
  },
  "topbar" : {
    "actions" : {
      "delete" : "删除",
      "logs" : "日志",
      "pause" : "暂停",
      "resume" : "开始",
      "rssArticles" : "RSS 订阅",
      "searchEngine" : "搜索",
      "settings" : "设置"
    },
    "addTorrents" : "添加种子",
    "overflow" : {
      "delete" : "删除",
      "logs" : "日志",
      "pause" : "暂停",
      "resume" : "恢复",
      "rssArticles" : "RSS",
      "searchEngine" : "搜索",
      "settings" : "设置"
    },
    "searchTorrents" : "搜索种子"
  },
  "torrentDetail" : {
    "content" : {
      "fileInfo" : "{n} 个文件",
      "folderInfo" : "{n} 个文件夹",
      "rootNode" : "(根目录)"
    },
    "info" : {
      "boolean_values" : "可选项",
      "data_values" : "数据流量",
      "datetime_values" : "时间相关",
      "duration_values" : "持续时间",
      "long_text_values" : "文件信息",
      "speed_values" : "速度限制与状态",
      "text_values" : "P2P状态"
    },
    "overview" : {
      "canvasRefreshDisabled" : "图形自动刷新已禁用",
      "canvasRenderDisabled" : "图形渲染已禁用",
      "copy_hash" : "复制哈希值",
      "dlSpeedAverage" : "平均下载速度",
      "downloaded" : "已下载",
      "fetchingMetadata" : "获取中...",
      "fileCount" : "已选择文件",
      "pieceCount" : "{owned} / {total} ({pieceSize})",
      "ratio" : "分享率",
      "selectedFileSize" : "已选择文件大小",
      "uploaded" : "已上传",
      "upSpeedAverage" : "平均上传速度",
      "waitingForMetadata" : "等待元数据..."
    },
    "peers" : {
      "addPeers" : {
        "newPeers" : "要添加的用户主机",
        "newPeersHint" : "每行一个",
        "newPeersPlaceholder" : "主机:端口",
        "title" : "添加用户"
      },
      "emptyList" : "当前没有用户连接",
      "table" : {
        "client" : "客户端",
        "connection" : "连接",
        "downloaded" : "已下载",
        "downloadSpeed" : "下载速度",
        "files" : "文件",
        "flags" : "标志",
        "host" : "主机",
        "progress" : "进度",
        "relevance" : "相关性",
        "uploaded" : "已上传",
        "upSpeed" : "上传速度"
      }
    },
    "tabs" : {
      "content" : "内容",
      "info" : "信息",
      "overview" : "概览",
      "peers" : "用户",
      "tagsAndCategories" : "标签和分类",
      "trackers" : "Trackers"
    },
    "tagsAndCategories" : {
      "categories" : "分类",
      "tags" : "标签"
    },
    "title" : "种子详情",
    "trackers" : {
      "addTrackers" : {
        "newTrackers" : "要添加的 Tracker URL",
        "newTrackersHint" : "每行一个，使用空行分隔层级",
        "title" : "添加 Tracker"
      },
      "editTracker" : {
        "newUrl" : "新 URL",
        "newUrlRequired" : "新 URL 不能为空",
        "oldUrl" : "旧 URL",
        "title" : "编辑 Tracker"
      },
      "peersValue" : "{peers} 个连接 ({seeds} 做种 / {leeches} 下载)",
      "reannounce" : "重新汇报",
      "tier" : "层级：{n}"
    }
  },
  "torrent" : {
    "properties" : {
      "added_on" : "添加时间",
      "amount_left" : "剩余大小",
      "auto_tmm" : "自动管理种子",
      "availability" : "可用性",
      "available_peers" : "可用的用户数",
      "available_seeds" : "可用的做种者数",
      "avg_download_speed" : "平均下载速度",
      "avg_upload_speed" : "平均上传速度",
      "category" : "分类",
      "completed_on" : "完成时间",
      "content_path" : "文件路径",
      "downloaded" : "已下载 (全局)",
      "downloaded_session" : "已下载 (本次会话)",
      "download_limit" : "下载限速",
      "download_path" : "下载路径",
      "download_speed" : "下载速度",
      "empty_category" : "(未分类)",
      "empty_tags" : "(无标签)",
      "empty_tracker_domain" : "(无 tracker)",
      "eta" : "剩余时间",
      "f_l_piece_prio" : "首/尾块优先级",
      "forced" : "强制状态",
      "global_speed" : "全局速度",
      "global_volume" : "全局容量",
      "hash" : "哈希值",
      "infohash_v1" : "哈希值 v1",
      "infohash_v2" : "哈希值 v2",
      "last_activity" : "最后活动时间",
      "magnet" : "磁力链接",
      "name" : "种子名称",
      "num_leechs" : "用户数 (已连接)",
      "num_seeds" : "做种者数 (已连接)",
      "peers" : "用户",
      "priority" : "优先级",
      "progress" : "进度",
      "progress_bar" : "进度条",
      "ratio" : "分享率",
      "ratio_limit" : "分享率限制",
      "ratio_time_limit" : "分享时长限制",
      "save_path" : "保存路径",
      "seeding_time" : "做种时长",
      "seeds" : "做种者",
      "seen_complete" : "最后完整可见",
      "seq_dl" : "顺序下载",
      "size" : "大小",
      "state" : "状态",
      "super_seeding" : "超级做种模式",
      "tags" : "标签",
      "time_active" : "活动时间",
      "total_size" : "总大小",
      "tracker" : "Tracker",
      "trackers_count" : "Tracker 数量",
      "uploaded" : "已上传 (全局)",
      "uploaded_session" : "已上传 (本次会话)",
      "upload_limit" : "上传限速",
      "upload_speed" : "上传速度"
    },
    "state" : {
      "allocating" : "分配中",
      "checkingDL" : "校验中 (未完成`)",
      "checkingResumeData" : "校验恢复数据",
      "checkingUP" : "校验中 (已完成)",
      "downloading" : "下载中",
      "error" : "错误",
      "forcedDL" : "[F] 下载中",
      "forcedUP" : "[F] 上传中",
      "metaDL" : "元数据",
      "missingFiles" : "缺失文件",
      "moving" : "移动中",
      "pausedDL" : "已暂停",
      "pausedUP" : "已完成",
      "queuedDL" : "排队中 (下载)",
      "queuedUP" : "排队中 (上传)",
      "stalledDL" : "停滞中",
      "stalledUP" : "做种中",
      "unknown" : "未知",
      "uploading" : "上传中"
    }
  },
  "units" : {
    "minutes" : "分钟",
    "seconds" : "秒"
  }
}